player_id,name,tournament,tournament_id,date,year,country,numeric_total_score,tournament_rank,prior_count,prior_avg_score,prior_std_score,last_event_score,last_event_rank,prior_avg_score_5,prior_avg_score_10,prior_std_score_5,prior_std_score_10,prior_top10_rate_5,prior_top10_rate_10,days_since_last_event,tournaments_last_365d,season_to_date_avg_score,course_history_avg_score,career_best_rank,played_last_30d,owgr_rank_current,owgr_rank_4w_ago,owgr_rank_12w_ago,owgr_rank_52w_ago,owgr_points_current,owgr_rank_change_4w,owgr_rank_change_12w,owgr_rank_change_52w,owgr_data_staleness_days,is_major,is_playoff,purse_tier,course_type_enc,grass_type_enc,lat,lon,field_strength,field_size,sg_total_season,sg_off_tee_season,sg_approach_season,sg_around_green_season,sg_putting_season,driving_distance_season,gir_pct_season,scrambling_pct_season,putts_per_round_season,birdie_avg_season,sg_total_prev_season,sg_off_tee_prev_season,sg_approach_prev_season,sg_around_green_prev_season,sg_putting_prev_season,driving_distance_prev_season,gir_pct_prev_season,scrambling_pct_prev_season,putts_per_round_prev_season,birdie_avg_prev_season,wind_speed_avg,temperature_avg,precipitation_sum,win_probability,predicted_win
78316cab,Rory McIlroy,Genesis Invitational,401703531,2026-02-19 00:00:00+00:00,2025,Northern Ireland,-6.0,23.0,137,-6.992700729927007,7.894056169009994,-3.0,12.0,-9.8,-5.2,4.086563348340523,8.56089299599574,0.8,0.6,7.0,20,-7.166666666666667,-3.8333333333333335,1.0,1.0,2.0,2.0,2.0,3.0,11.2596,0.0,0.0,-1.0,5.0,0,1,5,1,1,33.8313,-84.3881,20.071428571428573,30.0,1.888,-0.024,1.703,0.306,-0.098,322.0,72.22,65.0,1.519,6.25,1.888,-0.024,1.703,0.306,-0.098,322.0,72.22,65.0,1.519,6.25,9.8,24.7,16.7,0.106807888744453,1
517aca7c,Viktor Hovland,Genesis Invitational,401703531,2026-02-19 00:00:00+00:00,2025,Norway,-11.0,12.0,135,-5.674074074074074,8.153224460233488,-7.0,7.0,-2.2,-1.9,5.848076606885373,5.108815909777903,0.2,0.2,7.0,24,-2.6363636363636362,-5.4,1.0,1.0,15.0,12.0,13.0,8.0,4.5608,3.0,2.0,7.0,5.0,0,1,5,1,1,33.8313,-84.3881,20.071428571428573,30.0,0.524,-0.684,0.917,0.052,0.239,295.2,66.67,64.58,1.677,4.25,0.524,-0.684,0.917,0.052,0.239,295.2,66.67,64.58,1.677,4.25,9.8,24.7,16.7,0.053436871672884086,1
baa54510,Collin Morikawa,Genesis Invitational,401738555,2026-02-19 00:00:00+00:00,2025,United States,-10.0,14.0,138,-6.1231884057971016,8.136116560102408,-5.0,43.0,-1.2,-1.1,7.1203932475671525,8.438667614683675,0.0,0.1,28.0,25,-3.875,-6.5,1.0,1.0,9.0,8.0,6.0,4.0,4.6456,1.0,3.0,5.0,5.0,0,0,2,-1,-1,,,154.33823529411765,78.0,1.106,0.53,1.172,0.006,-0.602,308.0,75.0,57.78,1.756,4.9,1.106,0.53,1.172,0.006,-0.602,308.0,75.0,57.78,1.756,4.9,,,,0.04863448600372171,1
e04b076b,Patrick Cantlay,Genesis Invitational,401738553,2026-02-19 00:00:00+00:00,2025,United States,-7.0,30.0,142,-6.394366197183099,8.357234727496918,-15.0,2.0,-2.8,-2.2,8.671793355471511,8.508818954473062,0.4,0.2,21.0,24,-5.434782608695652,-8.166666666666666,1.0,1.0,21.0,22.0,20.0,9.0,3.7485,-1.0,1.0,12.0,5.0,0,0,2,-1,-1,,,379.031746031746,144.0,1.366,0.129,0.886,0.312,0.038,304.8,77.78,72.5,1.707,5.0,1.366,0.129,0.886,0.312,0.038,304.8,77.78,72.5,1.707,5.0,,,,0.047925634081763493,1
20d9a8a8,Russell Henley,Genesis Invitational,401738553,2026-02-19 00:00:00+00:00,2025,United States,-9.0,19.0,155,-4.716129032258064,7.270072829365709,-15.0,2.0,-8.4,-4.5,4.6690470119714975,7.933753490274603,0.6,0.6,21.0,23,-6.909090909090909,-1.8333333333333333,1.0,1.0,4.0,5.0,6.0,15.0,6.2716,-1.0,-2.0,-11.0,5.0,0,0,2,-1,-1,,,379.031746031746,144.0,1.414,0.007,0.796,0.16,0.451,298.9,73.15,72.41,1.684,5.17,1.414,0.007,0.796,0.16,0.451,298.9,73.15,72.41,1.684,5.17,,,,0.044373480879024346,0
3f838048,Scottie Scheffler,Genesis Invitational,401738560,2026-02-19 00:00:00+00:00,2025,United States,-20.0,4.0,139,-9.532374100719425,7.51549332878265,-19.0,1.0,-16.0,-12.3,2.000000000000002,6.617317348358677,1.0,1.0,84.04166666666667,25,-11.625,-7.0,1.0,0.0,1.0,1.0,1.0,1.0,17.9527,0.0,0.0,0.0,5.0,0,0,4,3,1,26.9342,-77.386,25.210526315789473,20.0,2.796,1.026,0.424,0.645,0.703,313.5,78.24,68.09,1.621,6.17,2.796,1.026,0.424,0.645,0.703,313.5,78.24,68.09,1.621,6.17,20.8,23.8,0.0,0.03824980200118231,0
19ce665f,Justin Thomas,Genesis Invitational,401738553,2026-02-19 00:00:00+00:00,2025,United States,1.0,78.0,165,-5.945454545454545,11.08352685869866,-13.0,7.0,-3.6,-2.0,6.7675697262754255,7.5129517797231,0.2,0.2,21.0,27,-6.2,-1.6666666666666667,1.0,1.0,5.0,4.0,5.0,29.0,5.6702,1.0,0.0,-24.0,5.0,0,0,2,-1,-1,,,379.031746031746,144.0,,,,,,,,,,,,,,,,,,,,,,,,0.03739427591668292,0
311bb721,Tommy Fleetwood,Genesis Invitational,401703531,2026-02-19 00:00:00+00:00,2025,England,-18.0,1.0,136,-4.132352941176471,6.5283527767893705,-10.0,4.0,-8.6,-5.9,4.159326868617081,7.062420107709381,0.4,0.4,7.0,25,-5.913043478260869,-7.0,2.0,1.0,10.0,15.0,12.0,12.0,4.855,-5.0,-2.0,-2.0,5.0,0,1,5,1,1,33.8313,-84.3881,20.071428571428573,30.0,2.637,0.351,0.773,1.109,0.403,301.8,73.61,78.95,1.566,6.0,2.637,0.351,0.773,1.109,0.403,301.8,73.61,78.95,1.566,6.0,9.8,24.7,16.7,0.03660571864485352,0
075b5db0,Kurt Kitayama,Genesis Invitational,401738556,2026-02-19 00:00:00+00:00,2025,United States,-13.0,15.0,97,-2.0618556701030926,7.568870502742482,-2.0,48.0,-8.2,-7.0,9.038805230781334,7.817359599705716,0.4,0.3,14.0,22,-5.0,0.5,1.0,1.0,34.0,36.0,39.0,67.0,2.4848,-2.0,-5.0,-33.0,5.0,0,0,2,-1,-1,,,316.7068965517241,132.0,0.366,0.357,0.47,-0.296,-0.165,311.5,76.67,68.25,1.783,4.13,0.366,0.357,0.47,-0.296,-0.165,311.5,76.67,68.25,1.783,4.13,,,,0.029159531551396552,1
1e33ee66,Alex Noren,Genesis Invitational,401738560,2026-02-19 00:00:00+00:00,2025,Sweden,-22.0,2.0,138,-3.4130434782608696,7.857051564217162,-1.0,61.0,-8.2,-4.2,8.671793355471518,7.743097284391797,0.4,0.2,42.041666666666664,13,-3.6153846153846154,-0.25,2.0,0.0,17.0,17.0,32.0,54.0,3.687,0.0,-15.0,-37.0,5.0,0,0,4,3,1,26.9342,-77.386,25.210526315789473,20.0,0.62,0.061,0.291,0.094,0.175,287.7,70.37,60.42,1.693,4.78,0.62,0.061,0.291,0.094,0.175,287.7,70.37,60.42,1.693,4.78,20.8,23.8,0.0,0.025437094235108777,0
4bf76716,Ben Griffin,Genesis Invitational,401738557,2026-02-19 00:00:00+00:00,2025,United States,-29.0,1.0,98,-5.275510204081633,7.977779207098578,-18.0,2.0,-10.8,-7.8,5.449770637375484,7.330302403948516,0.6,0.3,56.041666666666664,34,-5.032258064516129,0.5,1.0,0.0,12.0,11.0,18.0,69.0,4.3025,1.0,-6.0,-57.0,5.0,0,0,2,-1,-1,,,286.62745098039215,120.0,0.761,-0.109,-0.065,0.72,0.214,302.7,72.92,66.67,1.714,4.56,0.761,-0.109,-0.065,0.72,0.214,302.7,72.92,66.67,1.714,4.56,,,,0.023437823780243162,0
3cc4fcd9,Harris English,Genesis Invitational,401738560,2026-02-19 00:00:00+00:00,2025,United States,-15.0,8.0,168,-3.755952380952381,8.071163294832447,-12.0,47.0,-6.2,-8.0,4.6583258795408495,4.666666666666674,0.0,0.3,14.0,28,-3.9642857142857144,-7.333333333333333,1.0,1.0,11.0,13.0,10.0,70.0,4.0527,-2.0,1.0,-59.0,5.0,0,0,4,3,1,26.9342,-77.386,25.210526315789473,20.0,1.142,0.974,0.019,-0.239,0.388,305.0,73.26,67.53,1.716,4.88,1.142,0.974,0.019,-0.239,0.388,305.0,73.26,67.53,1.716,4.88,20.8,23.8,0.0,0.021456607500303287,0
452d4577,Xander Schauffele,Genesis Invitational,401738555,2026-02-19 00:00:00+00:00,2025,United States,-19.0,1.0,158,-7.082278481012659,7.750870253069404,3.0,29.0,-6.4,-2.8,5.50454357780915,6.646636576327739,0.6,0.4,56.0,21,-3.5,-6.6,1.0,0.0,4.0,3.0,3.0,2.0,5.8911,1.0,1.0,2.0,5.0,0,0,2,-1,-1,,,154.33823529411765,78.0,0.747,0.634,0.118,-0.398,0.393,320.5,67.78,62.07,1.73,4.5,0.747,0.634,0.118,-0.398,0.393,320.5,67.78,62.07,1.73,4.5,,,,0.020261140542844454,0
afaadc29,Paul Casey,Genesis Invitational,401353216,2026-02-19 00:00:00+00:00,2022,England,-4.0,53.0,67,-3.701492537313433,7.4447763370216045,0.0,10.0,0.2,-4.5,13.141537200799608,10.606601717798213,0.2,0.3,98.0,9,4.5,-4.5,1.0,0.0,28.0,27.0,26.0,21.0,3.196,1.0,2.0,7.0,5.0,0,0,2,-1,-1,,,98.85,158.0,,,,,,,,,,,,,,,,,,,,,,,,0.017727057937306757,0
9e5543a6,Maverick McNealy,Genesis Invitational,401738556,2026-02-19 00:00:00+00:00,2025,United States,1.0,82.0,132,-4.234848484848484,7.536030348398446,-10.0,13.0,-6.4,-6.0,4.393176527297763,2.981423969999714,0.2,0.1,42.0,34,-3.9,-7.333333333333333,1.0,0.0,19.0,19.0,18.0,69.0,3.6483,0.0,1.0,-50.0,5.0,0,0,2,-1,-1,,,316.7068965517241,132.0,1.254,0.318,0.513,0.234,0.189,315.0,70.49,62.35,1.7,5.06,1.254,0.318,0.513,0.234,0.189,315.0,70.49,62.35,1.7,5.06,,,,0.013822570228119292,0
1524cce3,Min Woo Lee,Genesis Invitational,401738555,2026-02-19 00:00:00+00:00,2025,Australia,-11.0,10.0,72,-0.6388888888888888,7.912026067608895,-1.0,89.0,0.2,2.8,10.894952959971878,8.297255235585107,0.0,0.0,7.0,23,-0.6363636363636364,4.5,1.0,1.0,45.0,47.0,37.0,40.0,2.2115,-2.0,8.0,5.0,5.0,0,0,2,-1,-1,,,154.33823529411765,78.0,1.383,0.424,0.349,0.248,0.361,323.0,73.61,66.67,1.698,4.92,1.383,0.424,0.349,0.248,0.361,323.0,73.61,66.67,1.698,4.92,,,,0.013551757482882804,0
14b242f1,Keegan Bradley,Genesis Invitational,401738560,2026-02-19 00:00:00+00:00,2025,United States,-10.0,13.0,172,-3.3488372093023258,6.768982305120054,-13.0,7.0,-4.0,-4.3,5.244044240850751,7.242620765686658,0.2,0.3,105.04166666666667,26,-4.96,2.1666666666666665,1.0,0.0,14.0,14.0,11.0,13.0,4.0296,0.0,3.0,1.0,5.0,0,0,4,3,1,26.9342,-77.386,25.210526315789473,20.0,0.457,0.542,-0.721,0.597,0.04,308.9,66.11,63.93,1.739,4.3,0.457,0.542,-0.721,0.597,0.04,308.9,66.11,63.93,1.739,4.3,20.8,23.8,0.0,0.013400579910871749,0
4465a1c6,Hideki Matsuyama,Genesis Invitational,401738560,2026-02-19 00:00:00+00:00,2025,Japan,-23.0,1.0,168,-5.059523809523809,7.353928748319353,-8.0,20.0,-4.0,-4.4,6.04152298679728,8.262364471909159,0.0,0.0,56.041666666666664,26,-4.5,-4.833333333333333,1.0,0.0,20.0,18.0,16.0,7.0,3.3371,2.0,4.0,13.0,5.0,0,0,4,3,1,26.9342,-77.386,25.210526315789473,20.0,1.921,-0.444,1.155,0.809,0.401,304.8,70.83,78.57,1.745,4.75,1.921,-0.444,1.155,0.809,0.401,304.8,70.83,78.57,1.745,4.75,20.8,23.8,0.0,0.013140151994737823,0
103a41d4,Max Greyserman,Genesis Invitational,401738557,2026-02-19 00:00:00+00:00,2025,United States,-10.0,62.0,53,-4.132075471698113,8.501216509890842,-18.0,2.0,-4.0,-3.7,8.972179222463184,9.499122766515516,0.2,0.2,28.041666666666668,32,-2.774193548387097,-2.0,2.0,1.0,31.0,39.0,39.0,40.0,2.58,-8.0,-8.0,-9.0,5.0,0,0,2,-1,-1,,,286.62745098039215,120.0,-0.796,-0.375,-0.253,-0.047,-0.122,314.5,69.44,63.64,1.74,4.75,-0.796,-0.375,-0.253,-0.047,-0.122,314.5,69.44,63.64,1.74,4.75,,,,0.011913930306965498,0
73198822,Niklas Norgaard,Genesis Invitational,401738559,2026-02-19 00:00:00+00:00,2025,Denmark,-13.0,41.0,21,-1.1904761904761905,7.068373558457756,-5.0,14.0,-2.6,1.0,3.2863353450309964,5.477225575051662,0.0,0.0,7.0,19,-0.05263157894736842,,14.0,1.0,144.0,142.0,132.0,91.0,0.9953,2.0,12.0,53.0,5.0,0,0,2,3,1,31.5032,-81.3945,330.44525547445255,156.0,,,,,,,,,,,,,,,,,,,,,10.4,18.9,0.0,0.011553097951055706,0
69f27473,Pierceson Coody,Genesis Invitational,401738559,2026-02-19 00:00:00+00:00,2025,United States,-11.0,51.0,42,-2.0952380952380953,7.324564496533512,-3.0,22.0,-9.0,-8.2,9.055385138137412,9.162726425881958,0.2,0.2,7.0,14,-6.666666666666667,9.0,3.0,1.0,99.0,105.0,107.0,178.0,1.4754,-6.0,-8.0,-79.0,5.0,0,0,2,3,1,31.5032,-81.3945,330.44525547445255,156.0,1.376,0.81,0.48,0.052,0.034,318.3,76.94,62.65,1.711,5.4,1.376,0.81,0.48,0.052,0.034,318.3,76.94,62.65,1.711,5.4,10.4,18.9,0.0,0.010837586198588123,0
0f9e105f,Matt McCarty,Genesis Invitational,401738556,2026-02-19 00:00:00+00:00,2025,United States,-16.0,3.0,32,-3.875,8.07525091990056,-10.0,14.0,-6.4,-5.9,6.06630035524124,6.332456079595026,0.2,0.1,14.0,27,-4.0,,1.0,1.0,58.0,59.0,54.0,48.0,1.9722,-1.0,4.0,10.0,5.0,0,0,2,-1,-1,,,316.7068965517241,132.0,0.08,0.19,-0.065,-0.498,0.453,302.5,69.75,63.27,1.717,4.61,0.08,0.19,-0.065,-0.498,0.453,302.5,69.75,63.27,1.717,4.61,,,,0.010570255948388762,0
8fa72e62,Justin Rose,Genesis Invitational,401738560,2026-02-19 00:00:00+00:00,2025,England,-18.0,6.0,144,-3.2847222222222223,7.8710438564926966,-7.0,21.0,-7.0,-3.6,7.778174593052021,9.777525249264254,0.2,0.3,105.04166666666667,23,-2.130434782608696,3.3333333333333335,1.0,0.0,10.0,9.0,12.0,45.0,4.2585,1.0,-2.0,-35.0,5.0,0,0,4,3,1,26.9342,-77.386,25.210526315789473,20.0,1.462,0.085,0.918,-0.419,0.878,306.9,76.77,58.7,1.638,5.55,1.462,0.085,0.918,-0.419,0.878,306.9,76.77,58.7,1.638,5.55,20.8,23.8,0.0,0.010471126641884355,0
3cdf3bb5,Victor Perez,Genesis Invitational,401738558,2026-02-19 00:00:00+00:00,2025,France,1.0,46.0,73,-1.4383561643835616,7.5736867240206935,-18.0,21.0,-8.4,-7.5,8.35463942968217,6.433419688539598,0.0,0.0,7.0,23,-4.695652173913044,,3.0,1.0,120.0,120.0,110.0,74.0,1.2102,0.0,10.0,46.0,5.0,0,0,2,0,1,32.301,-64.7825,327.7142857142857,120.0,,,,,,,,,,,,,,,,,,,,,41.4,21.8,1.3,0.009960744255698891,0
66514d61,Shane Lowry,Genesis Invitational,401703531,2026-02-19 00:00:00+00:00,2025,Ireland,-10.0,13.0,129,-3.1550387596899223,6.926454734840793,1.0,23.0,0.0,-0.5,2.1213203435596535,8.708233651742082,0.0,0.1,7.0,24,-3.727272727272727,-2.5,1.0,1.0,21.0,19.0,14.0,32.0,3.6056,2.0,7.0,-11.0,5.0,0,1,5,1,1,33.8313,-84.3881,20.071428571428573,30.0,1.875,0.331,0.814,-0.182,0.912,289.0,76.39,76.47,1.673,6.0,1.875,0.331,0.814,-0.182,0.912,289.0,76.39,76.47,1.673,6.0,9.8,24.7,16.7,0.00957868856702011,0
4fca4593,Thriston Lawrence,Genesis Invitational,401738554,2026-02-19 00:00:00+00:00,2025,South Africa,-8.0,48.0,34,1.4411764705882353,6.950871654389343,-1.0,78.0,-0.6,-2.1,0.5477225575051856,6.903300337922113,0.0,0.1,63.0,18,0.7777777777777778,,4.0,0.0,68.0,68.0,78.0,46.0,1.8414,0.0,-10.0,22.0,5.0,0,0,2,1,1,32.3117,-90.1873,317.9561403508772,132.0,,,,,,,,,,,,,,,,,,,,,14.9,25.1,0.0,0.009348802930146437,0
bbee4aee,Sepp Straka,Genesis Invitational,401738560,2026-02-19 00:00:00+00:00,2025,Austria,-21.0,3.0,168,-3.0654761904761907,7.977618302717978,7.0,30.0,-2.0,-1.2,6.670832032063168,6.941021378570861,0.2,0.3,105.04166666666667,27,-6.384615384615385,1.0,1.0,0.0,15.0,16.0,13.0,39.0,4.0016,-1.0,2.0,-24.0,5.0,0,0,4,3,1,26.9342,-77.386,25.210526315789473,20.0,2.177,0.564,0.803,0.723,0.087,304.8,70.71,63.79,1.671,5.09,2.177,0.564,0.803,0.723,0.087,304.8,70.71,63.79,1.671,5.09,20.8,23.8,0.0,0.009339967935866588,0
b98151d0,Alex Smalley,Genesis Invitational,401738559,2026-02-19 00:00:00+00:00,2025,United States,-10.0,62.0,102,-3.156862745098039,7.221728898124344,-10.0,3.0,-2.4,-3.5,8.905054744357273,6.553201083779168,0.4,0.2,7.0,26,-4.76,2.6666666666666665,2.0,1.0,120.0,128.0,131.0,167.0,1.2037,-8.0,-11.0,-47.0,5.0,0,0,2,3,1,31.5032,-81.3945,330.44525547445255,156.0,0.682,0.261,0.109,-0.019,0.331,314.2,72.53,60.67,1.74,4.44,0.682,0.261,0.109,-0.019,0.331,314.2,72.53,60.67,1.74,4.44,10.4,18.9,0.0,0.009180444959810363,0
dfcc185d,Cameron Young,Genesis Invitational,401738560,2026-02-19 00:00:00+00:00,2025,United States,-14.0,10.0,101,-3.7524752475247523,8.901017852576254,-12.0,9.0,-12.8,-6.3,6.1400325732035,9.043720964784839,0.8,0.5,84.04166666666667,30,-3.1379310344827585,-5.75,1.0,0.0,18.0,19.0,20.0,38.0,3.5257,-1.0,-2.0,-20.0,5.0,0,0,4,3,1,26.9342,-77.386,25.210526315789473,20.0,0.37,0.331,-0.163,0.209,-0.007,312.5,66.2,65.75,1.727,4.08,0.37,0.331,-0.163,0.209,-0.007,312.5,66.2,65.75,1.727,4.08,20.8,23.8,0.0,0.009094772085854047,0
0eeed940,Matt Kuchar,Genesis Invitational,401738559,2026-02-19 00:00:00+00:00,2025,United States,-8.0,67.0,145,-3.7379310344827585,7.129770030628982,1.0,46.0,-9.6,-6.9,8.792041856133302,8.292566952799765,0.0,0.1,7.0,19,-5.888888888888889,-3.2,1.0,1.0,130.0,132.0,136.0,108.0,1.1381,-2.0,-6.0,22.0,5.0,0,0,2,3,1,31.5032,-81.3945,330.44525547445255,156.0,0.388,0.142,-1.601,0.539,1.308,287.0,67.59,68.57,1.712,4.83,0.388,0.142,-1.601,0.539,1.308,287.0,67.59,68.57,1.712,4.83,10.4,18.9,0.0,0.008091414000334689,0
755f775a,Nick Taylor,Genesis Invitational,401738557,2026-02-19 00:00:00+00:00,2025,Canada,-3.0,84.0,173,-2.421965317919075,7.13988002789568,-8.0,19.0,0.4,-1.9,5.504543577809157,6.707375708046236,0.0,0.0,77.04166666666667,28,-3.7777777777777777,-2.2,1.0,0.0,41.0,41.0,35.0,61.0,2.2395,0.0,6.0,-20.0,5.0,0,0,2,-1,-1,,,286.62745098039215,120.0,0.992,0.135,0.41,0.083,0.363,302.4,74.31,70.27,1.734,4.31,0.992,0.135,0.41,0.083,0.363,302.4,74.31,70.27,1.734,4.31,,,,0.008030681794161448,0
3ed10982,Sam Burns,Genesis Invitational,401738560,2026-02-19 00:00:00+00:00,2025,United States,-12.0,11.0,160,-4.3875,8.183422036435312,-10.0,13.0,-9.2,-5.8,2.949576240750526,4.315347288715275,0.4,0.2,84.04166666666667,31,-5.1,-2.5,1.0,0.0,25.0,24.0,22.0,20.0,3.0284,1.0,3.0,5.0,5.0,0,0,4,3,1,26.9342,-77.386,25.210526315789473,20.0,0.555,0.396,0.436,-0.63,0.353,315.4,72.22,66.0,1.708,4.8,0.555,0.396,0.436,-0.63,0.353,315.4,72.22,66.0,1.708,4.8,20.8,23.8,0.0,0.007961910748729976,0
39134abd,Robert MacIntyre,Genesis Invitational,401738560,2026-02-19 00:00:00+00:00,2025,Scotland,-11.0,12.0,82,-2.817073170731707,8.031001734452401,-9.0,17.0,-7.8,-5.0,4.207136793592517,5.477225575051663,0.4,0.4,105.04166666666667,28,-4.592592592592593,-0.5,1.0,0.0,7.0,7.0,9.0,15.0,4.8788,0.0,-2.0,-8.0,5.0,0,0,4,3,1,26.9342,-77.386,25.210526315789473,20.0,0.8,0.459,-0.321,-0.095,0.757,307.5,72.69,71.19,1.694,5.33,0.8,0.459,-0.321,-0.095,0.757,307.5,72.69,71.19,1.694,5.33,20.8,23.8,0.0,0.0075584064153428115,0
541b116e,Si Woo Kim,Genesis Invitational,401738559,2026-02-19 00:00:00+00:00,2025,South Korea,-19.0,4.0,194,-2.422680412371134,9.879412887200344,-8.0,20.0,-4.0,-3.7,3.7416573867739458,5.518655230720241,0.0,0.0,42.041666666666664,34,-3.909090909090909,1.8333333333333333,1.0,0.0,66.0,64.0,66.0,55.0,1.8206,2.0,0.0,11.0,5.0,0,0,2,3,1,31.5032,-81.3945,330.44525547445255,156.0,1.734,0.717,1.431,0.151,-0.565,301.6,75.83,65.52,1.7,5.1,1.734,0.717,1.431,0.151,-0.565,301.6,75.83,65.52,1.7,5.1,10.4,18.9,0.0,0.0071998254284599585,0
aab13d26,Scott Stallings,Genesis Invitational,401580342,2026-02-19 00:00:00+00:00,2024,United States,5.0,103.0,123,-2.186991869918699,6.546616687825125,-5.0,12.0,0.8,-2.6,3.962322551231794,5.081557066709199,0.0,0.0,7.0,25,-2.625,4.0,2.0,1.0,127.0,127.0,109.0,66.0,0.9041,0.0,18.0,61.0,5.0,0,0,2,-1,-1,,,211.8,144.0,,,,,,,,,,,,,,,,,,,,,,,,0.006903045934370055,0
07acebf3,Michael Thorbjornsen,Genesis Invitational,401738559,2026-02-19 00:00:00+00:00,2025,United States,-18.0,7.0,38,-4.657894736842105,9.22767961752874,-16.0,31.0,-12.4,-9.5,3.3615472627943266,7.919736247011149,0.2,0.2,14.0,23,-5.363636363636363,-13.0,2.0,1.0,74.0,76.0,109.0,225.0,1.6959,-2.0,-35.0,-151.0,5.0,0,0,2,3,1,31.5032,-81.3945,330.44525547445255,156.0,-0.71,0.034,-0.174,0.296,-0.866,313.4,72.22,65.33,1.759,4.0,-0.71,0.034,-0.174,0.296,-0.866,313.4,72.22,65.33,1.759,4.0,10.4,18.9,0.0,0.006902771607972974,0
d5773eee,Jesper Svensson,Genesis Invitational,401738559,2026-02-19 00:00:00+00:00,2025,Sweden,-11.0,51.0,30,-3.933333333333333,6.766720457291436,-5.0,14.0,-3.2,-5.2,8.288546314040842,6.8928304136335115,0.0,0.0,7.0,25,-4.68,,10.0,1.0,134.0,138.0,120.0,96.0,1.0856,-4.0,14.0,38.0,5.0,0,0,2,3,1,31.5032,-81.3945,330.44525547445255,156.0,1.346,0.761,0.622,-0.549,0.512,321.3,74.44,60.87,1.791,4.0,1.346,0.761,0.622,-0.549,0.512,321.3,74.44,60.87,1.791,4.0,10.4,18.9,0.0,0.006657295233331501,0
fff19944,Max McGreevy,Genesis Invitational,401738559,2026-02-19 00:00:00+00:00,2025,United States,-22.0,2.0,75,-1.36,7.112303766352002,-10.0,3.0,-9.0,-4.6,4.472135954999578,6.149977416399366,0.2,0.1,7.0,28,-2.9285714285714284,3.0,3.0,1.0,106.0,113.0,97.0,82.0,1.4047,-7.0,9.0,24.0,5.0,0,0,2,3,1,31.5032,-81.3945,330.44525547445255,156.0,0.441,0.272,0.362,0.111,-0.304,301.9,75.0,59.26,1.761,3.94,0.441,0.272,0.362,0.111,-0.304,301.9,75.0,59.26,1.761,3.94,10.4,18.9,0.0,0.006130585854737089,0
b62312e8,Christiaan Bezuidenhout,Genesis Invitational,401738556,2026-02-19 00:00:00+00:00,2025,South Africa,-8.0,42.0,125,-2.592,6.90849873986452,-11.0,10.0,-9.4,-6.5,7.127411872482188,6.059886320899279,0.4,0.2,14.0,29,-3.4482758620689653,1.0,2.0,1.0,69.0,79.0,65.0,50.0,1.7967,-10.0,4.0,19.0,5.0,0,0,2,-1,-1,,,316.7068965517241,132.0,1.37,-0.204,0.031,0.445,1.097,291.5,71.67,68.63,1.713,4.4,1.37,-0.204,0.031,0.445,1.097,291.5,71.67,68.63,1.713,4.4,,,,0.006051731930417287,0
d99d62b8,Kevin Roy,Genesis Invitational,401738559,2026-02-19 00:00:00+00:00,2025,United States,-6.0,71.0,47,-3.8085106382978724,6.592612129505402,-1.0,34.0,-4.6,-6.9,4.827007354458869,7.823753006780769,0.0,0.2,7.0,22,-5.2727272727272725,-1.0,3.0,1.0,137.0,134.0,124.0,218.0,1.0618,3.0,13.0,-81.0,5.0,0,0,2,3,1,31.5032,-81.3945,330.44525547445255,156.0,1.065,-0.038,-0.473,0.525,1.052,308.1,63.68,68.24,1.711,4.46,1.065,-0.038,-0.473,0.525,1.052,308.1,63.68,68.24,1.711,4.46,10.4,18.9,0.0,0.005948842164741128,0
e153739d,Beau Hossler,Genesis Invitational,401738559,2026-02-19 00:00:00+00:00,2025,United States,-9.0,64.0,165,-2.6,7.552902850124223,4.0,86.0,-3.4,-5.3,9.396807968666803,8.042249547096743,0.0,0.0,7.0,24,-3.4166666666666665,-1.6666666666666667,2.0,1.0,124.0,120.0,103.0,78.0,1.1656,4.0,21.0,46.0,5.0,0,0,2,3,1,31.5032,-81.3945,330.44525547445255,156.0,0.976,0.164,-0.305,0.494,0.623,299.4,61.9,62.5,1.667,4.14,0.976,0.164,-0.305,0.494,0.623,299.4,61.9,62.5,1.667,4.14,10.4,18.9,0.0,0.005934409905262595,0
e9921787,Cameron Tringale,Genesis Invitational,401353275,2026-02-19 00:00:00+00:00,2022,United States,5.0,64.0,77,-4.038961038961039,6.823800373540814,3.0,98.0,-1.2,-1.3,4.6043457732885384,4.547282460742655,0.0,0.1,7.0,22,0.0,-4.333333333333333,2.0,1.0,53.0,49.0,47.0,75.0,2.1723,4.0,6.0,-22.0,12.0,0,1,5,1,0,41.8823,-87.6317,57.01724137931034,68.0,,,,,,,,,,,,,,,,,,,,,14.4,21.4,0.3,0.005737825704354774,0
03ff8501,Sungjae Im,Genesis Invitational,401738555,2026-02-19 00:00:00+00:00,2025,South Korea,-8.0,20.0,198,-4.353535353535354,9.864372781986319,0.0,27.0,-1.0,-0.3,7.211102550927971,4.900113377373151,0.0,0.0,49.0,34,-2.5625,0.6,1.0,0.0,35.0,30.0,25.0,22.0,2.5077,5.0,10.0,13.0,5.0,0,0,2,-1,-1,,,154.33823529411765,78.0,,,,,,,,,,,,,,,,,,,,,,,,0.00550763293328657,0
aa7f76b6,Steven Fisk,Genesis Invitational,401738559,2026-02-19 00:00:00+00:00,2025,United States,-6.0,71.0,22,-3.1818181818181817,6.7727490629824665,-2.0,29.0,-8.8,-6.1,10.183319694480774,7.622335600063802,0.2,0.1,7.0,21,-3.5,-5.0,1.0,1.0,104.0,95.0,174.0,151.0,1.4378,9.0,-70.0,-47.0,5.0,0,0,2,3,1,31.5032,-81.3945,330.44525547445255,156.0,-1.118,-0.961,-0.349,0.115,0.078,303.2,69.7,63.33,1.732,4.27,-1.118,-0.961,-0.349,0.115,0.078,303.2,69.7,63.33,1.732,4.27,10.4,18.9,0.0,0.00544697569320572,0
4965d9b5,Tom Hoge,Genesis Invitational,401738559,2026-02-19 00:00:00+00:00,2025,United States,-4.0,106.0,206,-2.145631067961165,8.006592121788682,-18.0,21.0,-2.6,2.9,10.23718711365579,9.409805760186787,0.0,0.0,14.0,32,-0.5,-0.2,1.0,1.0,90.0,82.0,69.0,64.0,1.5716,8.0,21.0,26.0,5.0,0,0,2,3,1,31.5032,-81.3945,330.44525547445255,156.0,-0.003,-0.207,0.041,-0.445,0.608,300.8,65.43,63.39,1.679,4.56,-0.003,-0.207,0.041,-0.445,0.608,300.8,65.43,63.39,1.679,4.56,10.4,18.9,0.0,0.005394549098131954,0
abf07a43,David Lipsky,Genesis Invitational,401738559,2026-02-19 00:00:00+00:00,2025,United States,-1.0,136.0,100,-1.21,6.881823519205862,1.0,46.0,-6.8,-7.3,6.906518659932802,8.260347046785222,0.0,0.2,7.0,23,-2.260869565217391,3.0,2.0,1.0,136.0,137.0,126.0,146.0,1.0664,-1.0,10.0,-10.0,5.0,0,0,2,3,1,31.5032,-81.3945,330.44525547445255,156.0,1.483,-0.396,0.848,0.096,0.935,293.8,71.53,53.66,1.612,6.13,1.483,-0.396,0.848,0.096,0.935,293.8,71.53,53.66,1.612,6.13,10.4,18.9,0.0,0.005377706981790415,0
da1bd301,Ryo Hisatsune,Genesis Invitational,401738559,2026-02-19 00:00:00+00:00,2025,Japan,-2.0,126.0,58,-3.2758620689655173,7.715996379016268,2.0,64.0,-2.4,-0.2,8.905054744357273,8.121302577515234,0.0,0.0,7.0,29,-3.0714285714285716,-10.0,3.0,1.0,123.0,121.0,116.0,94.0,1.1803,2.0,7.0,29.0,5.0,0,0,2,3,1,31.5032,-81.3945,330.44525547445255,156.0,1.855,0.638,0.393,0.414,0.41,306.6,75.31,66.25,1.721,4.83,1.855,0.638,0.393,0.414,0.41,306.6,75.31,66.25,1.721,4.83,10.4,18.9,0.0,0.005180023999579348,0
46659f28,Chandler Phillips,Genesis Invitational,401738559,2026-02-19 00:00:00+00:00,2025,United States,-1.0,136.0,54,-3.574074074074074,6.520220657951062,-11.0,2.0,-4.4,-5.1,5.2249401910452535,6.100091074001363,0.2,0.1,7.0,23,-3.0,-12.0,2.0,1.0,146.0,192.0,165.0,150.0,0.979,-46.0,-19.0,-4.0,5.0,0,0,2,3,1,31.5032,-81.3945,330.44525547445255,156.0,0.057,-0.481,-0.529,-0.134,1.202,302.5,61.9,64.58,1.692,4.29,0.057,-0.481,-0.529,-0.134,1.202,302.5,61.9,64.58,1.692,4.29,10.4,18.9,0.0,0.004999354224788827,0
24b1a88d,Takumi Kanaya,Genesis Invitational,401738559,2026-02-19 00:00:00+00:00,2025,Japan,-3.0,117.0,51,-0.7450980392156863,7.496247427226244,-10.0,3.0,-11.0,-8.0,2.0,6.271629240742261,0.4,0.3,7.0,25,-4.291666666666667,,3.0,1.0,117.0,127.0,168.0,134.0,1.2244,-10.0,-51.0,-17.0,5.0,0,0,2,3,1,31.5032,-81.3945,330.44525547445255,156.0,-0.074,0.385,-0.828,-0.22,0.589,305.0,67.09,61.04,1.764,3.31,-0.074,0.385,-0.828,-0.22,0.589,305.0,67.09,61.04,1.764,3.31,10.4,18.9,0.0,0.0049425376287263985,0
83c694ac,Bryson DeChambeau,Genesis Invitational,401703521,2026-02-19 00:00:00+00:00,2025,United States,-9.0,10.0,92,-4.813186813186813,8.390354366654988,10.0,61.0,3.0,0.1,8.689073598491387,9.9157562607308,0.4,0.5,35.0,5,-1.0,-3.0,1.0,0.0,15.0,13.0,12.0,9.0,4.0574,2.0,3.0,6.0,5.0,1,0,5,0,3,56.3402,-2.8049,251.1679389312977,156.0,,,,,,,,,,,,,,,,,,,,,16.2,17.4,0.0,0.0045219242061183594,0
c1248b02,Tyrrell Hatton,Genesis Invitational,401703521,2026-02-19 00:00:00+00:00,2025,England,-7.0,16.0,100,-3.52,7.627012071008747,3.0,4.0,4.4,-0.9,4.615192303685726,9.700515450222223,0.2,0.2,35.0,5,2.0,-2.0,1.0,0.0,23.0,18.0,18.0,23.0,3.3288,5.0,5.0,0.0,5.0,1,0,5,0,3,56.3402,-2.8049,251.1679389312977,156.0,,,,,,,,,,,,,,,,,,,,,16.2,17.4,0.0,0.004375294329468378,0
2b120f57,Patrick Rodgers,Genesis Invitational,401738559,2026-02-19 00:00:00+00:00,2025,United States,-18.0,7.0,175,-2.577142857142857,6.6005522981334,2.0,64.0,-6.4,-4.4,11.781341180018511,9.008637830191395,0.2,0.1,7.0,34,-3.3333333333333335,-1.3333333333333333,3.0,1.0,119.0,129.0,113.0,90.0,1.2095,-10.0,6.0,29.0,5.0,0,0,2,3,1,31.5032,-81.3945,330.44525547445255,156.0,0.878,0.099,0.058,0.461,0.26,309.6,73.33,61.46,1.739,4.5,0.878,0.099,0.058,0.461,0.26,309.6,73.33,61.46,1.739,4.5,10.4,18.9,0.0,0.00437406709587259,0
bf370055,Will Zalatoris,Genesis Invitational,401703511,2026-02-19 00:00:00+00:00,2025,United States,6.0,92.0,84,-3.4404761904761907,7.695016679528476,0.0,54.0,0.4,-0.2,4.505552130427513,3.2591750830880857,0.0,0.0,7.0,26,-3.4615384615384617,-7.8,2.0,1.0,74.0,68.0,66.0,33.0,1.5919,6.0,8.0,41.0,5.0,1,0,5,1,0,38.2004,-85.7512,211.609756097561,156.0,1.388,0.508,0.602,0.298,-0.019,306.0,71.3,70.97,1.688,5.17,1.388,0.508,0.602,0.298,-0.019,306.0,71.3,70.97,1.688,5.17,20.8,24.2,0.5,0.004066067947264157,0
61fd4482,Adam Scott,Genesis Invitational,401738555,2026-02-19 00:00:00+00:00,2025,Australia,-7.0,27.0,137,-3.4525547445255476,7.633103989434779,-3.0,55.0,-0.2,-0.2,8.75785361832453,6.860515043833567,0.0,0.0,70.0,22,-1.4545454545454546,-4.166666666666667,1.0,0.0,57.0,51.0,40.0,19.0,2.0342,6.0,17.0,38.0,5.0,0,0,2,-1,-1,,,154.33823529411765,78.0,0.8,0.914,0.56,-0.292,-0.382,314.7,72.69,69.49,1.777,3.92,0.8,0.914,0.56,-0.292,-0.382,314.7,72.69,69.49,1.777,3.92,,,,0.0038618108417436915,0
29cda5ab,Denny McCarthy,Genesis Invitational,401738559,2026-02-19 00:00:00+00:00,2025,United States,-11.0,51.0,166,-3.0602409638554215,7.361405329584359,3.0,29.0,-1.4,-0.8,6.655824516917501,9.089676684141315,0.0,0.0,98.04166666666667,28,-2.8518518518518516,-3.0,1.0,0.0,57.0,55.0,45.0,39.0,1.9156,2.0,12.0,18.0,5.0,0,0,2,3,1,31.5032,-81.3945,330.44525547445255,156.0,0.251,0.037,0.033,-0.053,0.233,301.3,70.49,64.71,1.749,3.94,0.251,0.037,0.033,-0.053,0.233,301.3,70.49,64.71,1.749,3.94,10.4,18.9,0.0,0.003807009231517128,0
fc49ae85,Keith Mitchell,Genesis Invitational,401738559,2026-02-19 00:00:00+00:00,2025,United States,-17.0,18.0,169,-3.3550295857988166,7.218815620131379,-9.0,63.0,-5.6,-3.6,4.098780306383859,4.6475800154489075,0.2,0.1,14.0,25,-5.208333333333333,-12.0,1.0,1.0,127.0,123.0,108.0,85.0,1.1616,4.0,19.0,42.0,5.0,0,0,2,3,1,31.5032,-81.3945,330.44525547445255,156.0,0.214,0.658,0.076,0.004,-0.524,313.8,73.61,63.16,1.777,4.2,0.214,0.658,0.076,0.004,-0.524,313.8,73.61,63.16,1.777,4.2,10.4,18.9,0.0,0.0038025748620886548,0
e903146a,Ryan Gerard,Genesis Invitational,401738559,2026-02-19 00:00:00+00:00,2025,United States,-5.0,94.0,49,-2.7755102040816326,7.332193015856082,-12.0,20.0,-1.2,-1.0,9.833615815151616,8.151346173758322,0.0,0.0,28.041666666666668,28,-2.7857142857142856,-1.0,2.0,1.0,49.0,52.0,51.0,192.0,2.009,-3.0,-2.0,-143.0,5.0,0,0,2,3,1,31.5032,-81.3945,330.44525547445255,156.0,1.716,0.311,0.808,-0.136,0.733,306.1,73.96,70.67,1.685,5.06,1.716,0.311,0.808,-0.136,0.733,306.1,73.96,70.67,1.685,5.06,10.4,18.9,0.0,0.00369245275697998,0
ff54abd0,Emiliano Grillo,Genesis Invitational,401738557,2026-02-19 00:00:00+00:00,2025,Argentina,-12.0,56.0,169,-2.893491124260355,7.4258568690423905,5.0,117.0,-3.6,-5.5,8.142481194328912,8.759122228980608,0.2,0.2,14.041666666666666,23,-3.130434782608696,1.4,1.0,1.0,96.0,92.0,98.0,80.0,1.5376,4.0,-2.0,16.0,5.0,0,0,2,-1,-1,,,286.62745098039215,120.0,-1.206,-0.328,-0.019,-0.586,-0.272,298.8,66.3,59.34,1.743,3.6,-1.206,-0.328,-0.019,-0.586,-0.272,298.8,66.3,59.34,1.743,3.6,,,,0.003666702049156452,0
8534625c,Matt Wallace,Genesis Invitational,401738559,2026-02-19 00:00:00+00:00,2025,England,-11.0,51.0,120,-0.7416666666666667,6.904505694077733,1.0,46.0,-5.0,-5.6,8.154753215150047,7.777460310981274,0.2,0.2,7.0,25,-2.5416666666666665,7.0,3.0,1.0,70.0,67.0,86.0,65.0,1.7441,3.0,-16.0,5.0,5.0,0,0,2,3,1,31.5032,-81.3945,330.44525547445255,156.0,-2.654,-0.904,-1.025,-0.566,-0.159,306.4,75.56,40.91,1.765,4.2,-2.654,-0.904,-1.025,-0.566,-0.159,306.4,75.56,40.91,1.765,4.2,10.4,18.9,0.0,0.003353982745243423,0
d7fd4774,David Lingmerth,Genesis Invitational,401580331,2026-02-19 00:00:00+00:00,2024,Sweden,-5.0,127.0,64,-0.3125,6.568020165079345,1.0,110.0,1.0,0.8,5.385164807134501,7.465476095557023,0.0,0.2,7.0,25,1.0,-7.0,3.0,1.0,130.0,119.0,102.0,214.0,0.8916,11.0,28.0,-84.0,5.0,0,0,2,2,1,33.8729,-116.3077,221.6,156.0,,,,,,,,,,,,,,,,,,,,,11.6,15.7,0.0,0.0033226091234937302,0
7afe49f7,Gaganjeet Bhullar,Genesis Invitational,401056502,2026-02-19 00:00:00+00:00,2018,India,8.0,47.0,1,-13.0,,-13.0,27.0,-13.0,-13.0,,,0.0,0.0,14.0,1,-13.0,,27.0,1.0,131.0,134.0,163.0,,1.2779,-3.0,-32.0,,4.0,0,0,4,1,1,31.1667,121.6167,72.16666666666667,78.0,,,,,,,,,,,,,,,,,,,,,13.0,16.8,0.0,0.003314704476165611,0
a814afc4,Stephan Jaeger,Genesis Invitational,401738559,2026-02-19 00:00:00+00:00,2025,Germany,-4.0,106.0,132,-2.5303030303030303,7.996601753378002,0.0,105.0,-4.8,-1.4,6.379655163094635,6.257440016137236,0.0,0.0,14.0,30,-2.5,0.5,1.0,1.0,101.0,96.0,77.0,52.0,1.4719,5.0,24.0,49.0,5.0,0,0,2,3,1,31.5032,-81.3945,330.44525547445255,156.0,0.219,-0.198,-0.485,0.363,0.54,313.6,70.0,61.73,1.698,4.87,0.219,-0.198,-0.485,0.363,0.54,313.6,70.0,61.73,1.698,4.87,10.4,18.9,0.0,0.003233431048411417,0
66f97530,Matti Schmid,Genesis Invitational,401738558,2026-02-19 00:00:00+00:00,2025,Germany,-1.0,34.0,76,-2.5921052631578947,7.956846329342545,-24.0,8.0,-10.2,-5.5,8.927485648266257,9.431036233863406,0.2,0.1,7.0,26,-2.36,-8.666666666666666,2.0,1.0,88.0,92.0,83.0,98.0,1.5998,-4.0,5.0,-10.0,5.0,0,0,2,0,1,32.301,-64.7825,327.7142857142857,120.0,-1.622,-0.351,-1.254,0.018,-0.036,307.8,64.44,50.0,1.724,3.8,-1.622,-0.351,-1.254,0.018,-0.036,307.8,64.44,50.0,1.724,3.8,41.4,21.8,1.3,0.002940999385624385,0
4edfa2fc,Chris Gotterup,Genesis Invitational,401738560,2026-02-19 00:00:00+00:00,2025,United States,0.0,19.0,57,-3.3684210526315788,6.818125996581697,-4.0,40.0,-5.4,-9.4,9.6850400102426,7.777460310981272,0.4,0.6,56.041666666666664,26,-5.653846153846154,,1.0,0.0,28.0,26.0,26.0,187.0,2.7968,2.0,2.0,-159.0,5.0,0,0,4,3,1,26.9342,-77.386,25.210526315789473,20.0,2.121,0.863,0.62,0.664,-0.027,323.9,73.26,64.94,1.687,5.0,2.121,0.863,0.62,0.664,-0.027,323.9,73.26,64.94,1.687,5.0,20.8,23.8,0.0,0.0029044987473093877,0
8f725d65,William Mouw,Genesis Invitational,401738559,2026-02-19 00:00:00+00:00,2025,United States,-16.0,21.0,21,-2.1904761904761907,8.219604903029387,-15.0,40.0,-8.8,-5.5,8.955445270895243,8.54075198354597,0.2,0.1,14.0,18,-2.611111111111111,,7.0,1.0,113.0,103.0,101.0,159.0,1.2773,10.0,12.0,-46.0,5.0,0,0,2,3,1,31.5032,-81.3945,330.44525547445255,156.0,-2.51,-0.57,-0.226,-1.199,-0.515,306.9,65.66,52.94,1.792,2.91,-2.51,-0.57,-0.226,-1.199,-0.515,306.9,65.66,52.94,1.792,2.91,10.4,18.9,0.0,0.0028705558690455754,0
143bdbd8,Mackenzie Hughes,Genesis Invitational,401738559,2026-02-19 00:00:00+00:00,2025,Canada,-11.0,51.0,180,-1.9722222222222223,7.354116056134906,-3.0,84.0,-5.4,-0.4,6.46529195009785,7.152311203768718,0.2,0.1,14.0,30,-1.2413793103448276,1.0,1.0,1.0,87.0,75.0,73.0,63.0,1.588,12.0,14.0,24.0,5.0,0,0,2,3,1,31.5032,-81.3945,330.44525547445255,156.0,0.357,0.082,0.075,0.537,-0.337,300.2,70.37,61.25,1.721,3.87,0.357,0.082,0.075,0.537,-0.337,300.2,70.37,61.25,1.721,3.87,10.4,18.9,0.0,0.0027485498967907214,0
08857cb2,Jake Knapp,Genesis Invitational,401703525,2026-02-19 00:00:00+00:00,2025,United States,5.0,62.0,49,-2.836734693877551,8.998488157220981,-1.0,78.0,-8.8,-8.2,7.628892449104263,8.283853102404834,0.2,0.2,7.0,24,-6.363636363636363,-3.0,1.0,1.0,78.0,86.0,88.0,72.0,1.8142,-8.0,-10.0,6.0,5.0,0,1,5,1,1,35.1492,-90.049,41.61290322580645,69.0,2.257,0.633,0.294,0.284,1.046,321.4,70.49,71.76,1.704,4.44,2.257,0.633,0.294,0.284,1.046,321.4,70.49,71.76,1.704,4.44,8.8,29.1,0.0,0.002733773464870145,0
cb172d59,Jacob Bridgeman,Genesis Invitational,401738559,2026-02-19 00:00:00+00:00,2025,United States,0.0,143.0,53,-4.320754716981132,7.441498982849906,-14.0,46.0,-4.8,-3.6,5.890670590009255,7.351492667781451,0.0,0.1,14.0,33,-3.28125,7.0,2.0,1.0,71.0,68.0,63.0,180.0,1.7201,3.0,8.0,-109.0,5.0,0,0,2,3,1,31.5032,-81.3945,330.44525547445255,156.0,1.903,0.009,0.758,0.017,1.119,308.2,73.26,64.94,1.649,5.56,1.903,0.009,0.758,0.017,1.119,308.2,73.26,64.94,1.649,5.56,10.4,18.9,0.0,0.0027048663176323846,0
bc97a88a,Andrew Novak,Genesis Invitational,401738560,2026-02-19 00:00:00+00:00,2025,United States,-4.0,17.0,98,-3.0510204081632653,7.420190412122626,-18.0,7.0,-2.4,-2.2,14.240786495134317,10.206751578135806,0.4,0.2,14.0,31,-2.129032258064516,-4.0,2.0,1.0,31.0,35.0,31.0,121.0,2.3854,-4.0,0.0,-90.0,5.0,0,0,4,3,1,26.9342,-77.386,25.210526315789473,20.0,-0.21,-0.153,0.163,0.188,-0.408,291.2,70.51,53.62,1.679,4.92,-0.21,-0.153,0.163,0.188,-0.408,291.2,70.51,53.62,1.679,4.92,20.8,23.8,0.0,0.0026829856621216307,0
8c0a02fc,Max Homa,Genesis Invitational,401738556,2026-02-19 00:00:00+00:00,2025,United States,-15.0,9.0,156,-2.782051282051282,7.677612928588165,-4.0,40.0,-7.4,-4.5,5.856620185738525,8.181958472422382,0.0,0.1,14.0,26,-1.28,-7.5,1.0,1.0,130.0,120.0,108.0,27.0,1.1349,10.0,22.0,103.0,5.0,0,0,2,-1,-1,,,316.7068965517241,132.0,0.034,0.017,0.269,-0.328,0.076,313.2,68.89,64.29,1.798,4.3,0.034,0.017,0.269,-0.328,0.076,313.2,68.89,64.29,1.798,4.3,,,,0.002450596106180384,0
86ca460f,Jordan Smith,Genesis Invitational,401703521,2026-02-19 00:00:00+00:00,2025,England,-1.0,45.0,19,1.1578947368421053,6.9142618943644045,-5.0,22.0,5.4,3.0,10.334408546211051,7.87400787401181,0.0,0.0,7.0,5,3.0,2.0,12.0,1.0,89.0,108.0,107.0,96.0,1.5286,-19.0,-18.0,-7.0,5.0,1,0,5,0,3,56.3402,-2.8049,251.1679389312977,156.0,0.421,0.407,0.455,-0.387,-0.054,313.3,75.79,57.38,1.775,4.14,0.421,0.407,0.455,-0.387,-0.054,313.3,75.79,57.38,1.775,4.14,16.2,17.4,0.0,0.0024363395259259166,0
5bbc1c05,Akshay Bhatia,Genesis Invitational,401738560,2026-02-19 00:00:00+00:00,2025,United States,-9.0,14.0,95,-3.694736842105263,7.899735632811333,1.0,114.0,-5.6,-6.2,6.503845016603636,6.696599468718765,0.2,0.1,63.041666666666664,30,-3.793103448275862,-6.0,1.0,0.0,43.0,38.0,36.0,31.0,2.1282,5.0,7.0,12.0,5.0,0,0,4,3,1,26.9342,-77.386,25.210526315789473,20.0,1.007,-0.085,0.537,0.32,0.235,307.9,73.5,62.9,1.698,4.92,1.007,-0.085,0.537,0.32,0.235,307.9,73.5,62.9,1.698,4.92,20.8,23.8,0.0,0.0023922463315820728,0
f17a4570,Harold Varner III,Genesis Invitational,401465523,2026-02-19 00:00:00+00:00,2023,United States,5.0,29.0,91,-2.934065934065934,6.926281987717665,1.0,30.0,-0.8,-2.0,4.207136793592532,4.853406592853678,0.0,0.0,42.0,10,1.0,1.0,2.0,0.0,64.0,61.0,49.0,37.0,1.6522,3.0,15.0,27.0,5.0,1,0,5,1,0,38.2004,-85.7512,108.42857142857143,156.0,,,,,,,,,,,,,,,,,,,,,9.8,17.8,0.0,0.0023779567346548292,0
7c8d61b0,Eric Cole,Genesis Invitational,401738559,2026-02-19 00:00:00+00:00,2025,United States,-16.0,21.0,101,-3.6534653465346536,8.79594866238356,3.0,73.0,-8.6,-3.8,10.644247272588133,10.01998003990028,0.4,0.2,7.0,34,-2.757575757575758,-1.5,2.0,1.0,110.0,109.0,102.0,57.0,1.3138,1.0,8.0,53.0,5.0,0,0,2,3,1,31.5032,-81.3945,330.44525547445255,156.0,-1.177,-1.151,0.308,-0.049,-0.286,302.8,67.13,63.38,1.724,4.25,-1.177,-1.151,0.308,-0.049,-0.286,302.8,67.13,63.38,1.724,4.25,10.4,18.9,0.0,0.002182497228519356,0
3e43bb3d,Michael Brennan,Genesis Invitational,401738559,2026-02-19 00:00:00+00:00,2025,United States,-11.0,51.0,5,-5.2,11.945710527214361,-4.0,18.0,-5.2,-5.2,11.945710527214361,11.945710527214361,0.2,0.16666666666666666,7.0,3,-12.333333333333334,2.0,1.0,1.0,39.0,111.0,261.0,671.0,2.2768,-72.0,-222.0,-632.0,5.0,0,0,2,3,1,31.5032,-81.3945,330.44525547445255,156.0,-0.553,0.618,0.223,-0.478,-0.916,329.5,68.18,55.56,1.778,4.27,-0.553,0.618,0.223,-0.478,-0.916,329.5,68.18,55.56,1.778,4.27,10.4,18.9,0.0,0.002155461823862459,0
90843d2d,Ian Poulter,Genesis Invitational,401353216,2026-02-19 00:00:00+00:00,2022,England,-3.0,62.0,67,-2.2238805970149254,7.12192707901873,10.0,137.0,3.0,0.5,5.78791845139511,7.933753490274602,0.0,0.0,7.0,13,3.4285714285714284,-4.333333333333333,1.0,1.0,104.0,93.0,71.0,50.0,1.5085,11.0,33.0,54.0,5.0,0,0,2,-1,-1,,,98.85,158.0,,,,,,,,,,,,,,,,,,,,,,,,0.002100615784329659,0
a825f1a6,Brian Harman,Genesis Invitational,401738560,2026-02-19 00:00:00+00:00,2025,United States,-6.0,16.0,190,-3.705263157894737,7.973333445095459,-6.0,71.0,-6.2,-3.4,3.8987177379235867,8.461678320522472,0.2,0.3,14.0,30,-3.0344827586206895,0.6,1.0,1.0,33.0,32.0,28.0,24.0,2.3756,1.0,5.0,9.0,5.0,0,0,4,3,1,26.9342,-77.386,25.210526315789473,20.0,-0.433,-0.26,0.051,0.103,-0.327,299.5,68.8,58.9,1.739,4.08,-0.433,-0.26,0.051,0.103,-0.327,299.5,68.8,58.9,1.739,4.08,20.8,23.8,0.0,0.0020756885828800524,0
d362488c,Patrick Fishburn,Genesis Invitational,401738559,2026-02-19 00:00:00+00:00,2025,United States,-14.0,34.0,44,-4.113636363636363,6.184060189134076,-1.0,34.0,-2.4,-6.1,4.9295030175464944,5.78215646046813,0.0,0.1,7.0,25,-3.625,-13.0,3.0,1.0,126.0,118.0,110.0,127.0,1.164,8.0,16.0,-1.0,5.0,0,0,2,3,1,31.5032,-81.3945,330.44525547445255,156.0,-3.103,-1.143,-0.99,-0.683,-0.286,311.1,74.44,56.52,1.836,3.2,-3.103,-1.143,-0.99,-0.683,-0.286,311.1,74.44,56.52,1.836,3.2,10.4,18.9,0.0,0.0020510830884226017,0
6bb894f5,Sahith Theegala,Genesis Invitational,401738559,2026-02-19 00:00:00+00:00,2025,United States,-6.0,71.0,111,-2.720720720720721,8.623615747860553,0.0,42.0,-3.6,0.9,6.6558245169174866,7.062420107709381,0.0,0.0,7.0,26,0.0,-4.75,1.0,1.0,97.0,85.0,61.0,13.0,1.4872,12.0,36.0,84.0,5.0,0,0,2,3,1,31.5032,-81.3945,330.44525547445255,156.0,0.816,-0.428,0.166,0.447,0.631,308.6,70.0,63.89,1.683,4.3,0.816,-0.428,0.166,0.447,0.631,308.6,70.0,63.89,1.683,4.3,10.4,18.9,0.0,0.0019459173905385886,0
05cbbbf3,Patrick Reed,Genesis Invitational,401703521,2026-02-19 00:00:00+00:00,2025,United States,5.0,110.0,102,-4.892156862745098,6.97932854829542,8.0,23.0,-0.2,0.4,6.833739825307954,5.815687596683834,0.2,0.2,35.0,3,1.0,4.0,1.0,0.0,61.0,55.0,51.0,104.0,2.0363,6.0,10.0,-43.0,5.0,1,0,5,0,3,56.3402,-2.8049,251.1679389312977,156.0,,,,,,,,,,,,,,,,,,,,,16.2,17.4,0.0,0.0019300603896842774,0
e593a45a,Ryan Fox,Genesis Invitational,401703530,2026-02-19 00:00:00+00:00,2025,New Zealand,12.0,44.0,68,-0.22058823529411764,6.260145409200744,0.0,50.0,1.4,-0.7,0.8944271909999089,7.165503781622365,0.0,0.1,7.0,23,-1.631578947368421,,1.0,1.0,36.0,32.0,76.0,70.0,2.5791,4.0,-40.0,-34.0,5.0,0,1,5,1,0,41.8823,-87.6317,32.0,49.0,1.155,0.529,0.163,0.09,0.374,318.8,70.14,60.47,1.673,5.13,1.155,0.529,0.163,0.09,0.374,318.8,70.14,60.47,1.673,5.13,10.8,22.6,0.0,0.0019054585505626801,0
e2f96762,Tom Kim,Genesis Invitational,401738555,2026-02-19 00:00:00+00:00,2025,South Korea,1.0,56.0,95,-3.3473684210526318,8.253649638967113,-15.0,11.0,-3.6,-3.2,9.581231653602789,6.8928304136335115,0.0,0.0,7.0,29,-0.6296296296296297,-1.0,1.0,1.0,83.0,84.0,60.0,25.0,1.6931,-1.0,23.0,58.0,5.0,0,0,2,-1,-1,,,154.33823529411765,78.0,-0.119,0.264,-0.322,0.06,-0.12,303.0,67.71,64.52,1.728,3.94,-0.119,0.264,-0.322,0.06,-0.12,303.0,67.71,64.52,1.728,3.94,,,,0.0019019814621486191,0
8be99a80,Bud Cauley,Genesis Invitational,401738559,2026-02-19 00:00:00+00:00,2025,United States,1.0,148.0,83,-3.6867469879518073,6.65880621917116,-5.0,36.0,0.0,-1.0,6.2048368229954205,5.715476066494081,0.0,0.0,42.041666666666664,23,-2.409090909090909,2.0,3.0,0.0,65.0,65.0,56.0,293.0,1.824,0.0,9.0,-228.0,5.0,0,0,2,3,1,31.5032,-81.3945,330.44525547445255,156.0,-0.118,-0.009,0.557,0.109,-0.774,301.5,72.22,58.67,1.718,4.4,-0.118,-0.009,0.557,0.109,-0.774,301.5,72.22,58.67,1.718,4.4,10.4,18.9,0.0,0.0018128937341464774,0
90d9424d,Chris Kirk,Genesis Invitational,401738559,2026-02-19 00:00:00+00:00,2025,United States,-13.0,41.0,158,-3.5822784810126582,7.421963609452931,-9.0,9.0,-5.8,-3.2,10.18331969448078,10.643725329455325,0.4,0.3,105.04166666666667,27,-3.0,4.0,1.0,0.0,60.0,59.0,49.0,44.0,1.8661,1.0,11.0,16.0,5.0,0,0,2,3,1,31.5032,-81.3945,330.44525547445255,156.0,-0.472,-0.315,0.766,-0.59,-0.332,301.2,74.24,56.86,1.755,3.91,-0.472,-0.315,0.766,-0.59,-0.332,301.2,74.24,56.86,1.755,3.91,10.4,18.9,0.0,0.0017805446484798508,0
1b31b755,Gary Woodland,Genesis Invitational,401738555,2026-02-19 00:00:00+00:00,2025,United States,7.0,72.0,165,-1.8060606060606061,7.024258462465915,-9.0,19.0,-6.2,-3.9,7.014271166700075,7.445356494710873,0.0,0.0,28.0,27,-3.2083333333333335,0.25,1.0,1.0,107.0,101.0,106.0,187.0,1.349,6.0,1.0,-80.0,5.0,0,0,2,-1,-1,,,154.33823529411765,78.0,-0.661,0.662,-0.804,-0.553,0.035,330.2,66.67,59.72,1.806,3.75,-0.661,0.662,-0.804,-0.553,0.035,330.2,66.67,59.72,1.806,3.75,,,,0.0017549934934496514,0
f07babfd,Davis Thompson,Genesis Invitational,401738559,2026-02-19 00:00:00+00:00,2025,United States,-15.0,25.0,90,-3.433333333333333,8.449519632646101,4.0,109.0,-6.2,-5.1,7.014271166700069,8.102811583367561,0.0,0.0,28.041666666666668,31,-3.2333333333333334,0.0,1.0,1.0,91.0,78.0,70.0,40.0,1.5657,13.0,21.0,51.0,5.0,0,0,2,3,1,31.5032,-81.3945,330.44525547445255,156.0,-0.109,0.31,0.673,0.013,-1.104,311.0,73.23,64.15,1.8,4.0,-0.109,0.31,0.673,0.013,-1.104,311.0,73.23,64.15,1.8,4.0,10.4,18.9,0.0,0.0017312630379475913,0
52bafefe,Justin Harding,Genesis Invitational,401353216,2026-02-19 00:00:00+00:00,2022,South Africa,1.0,78.0,19,1.5263157894736843,6.694677994518661,8.0,117.0,5.0,3.1,5.385164807134505,4.17532433869913,0.0,0.0,7.0,1,8.0,0.0,10.0,1.0,118.0,111.0,106.0,126.0,1.3503,7.0,12.0,-8.0,5.0,0,0,2,-1,-1,,,98.85,158.0,,,,,,,,,,,,,,,,,,,,,,,,0.0016975248589776476,0
c06a4895,Daniel Berger,Genesis Invitational,401738559,2026-02-19 00:00:00+00:00,2025,United States,-11.0,51.0,126,-5.103174603174603,8.347291167874152,2.0,26.0,0.8,2.7,5.761944116355168,5.945119380167604,0.0,0.0,98.04166666666667,27,-2.8461538461538463,-5.0,1.0,0.0,53.0,49.0,43.0,222.0,1.9893,4.0,10.0,-169.0,5.0,0,0,2,3,1,31.5032,-81.3945,330.44525547445255,156.0,0.277,0.276,0.542,-0.317,-0.223,306.0,76.04,60.87,1.776,4.38,0.277,0.276,0.542,-0.317,-0.223,306.0,76.04,60.87,1.776,4.38,10.4,18.9,0.0,0.0016828524579206566,0
62de3d85,Laurie Canter,Genesis Invitational,401703521,2026-02-19 00:00:00+00:00,2025,England,6.0,119.0,16,3.1875,5.706356105256663,-4.0,34.0,5.0,3.3,8.602325267042627,6.3604681868204915,0.0,0.0,7.0,8,4.166666666666667,1.6666666666666667,17.0,1.0,71.0,66.0,54.0,124.0,1.8976,5.0,17.0,-53.0,5.0,1,0,5,0,3,56.3402,-2.8049,251.1679389312977,156.0,,,,,,,,,,,,,,,,,,,,,16.2,17.4,0.0,0.0016582516902701047,0
c8aa259c,Jason Day,Genesis Invitational,401738556,2026-02-19 00:00:00+00:00,2025,Australia,-12.0,20.0,138,-3.7318840579710146,7.234890981853565,1.0,23.0,1.0,-0.2,1.7320508075688383,5.940445175985456,0.0,0.1,70.0,20,-3.526315789473684,-2.5,1.0,0.0,42.0,38.0,33.0,33.0,2.2545,4.0,9.0,9.0,5.0,0,0,2,-1,-1,,,316.7068965517241,132.0,2.04,0.188,0.369,0.45,1.033,299.8,75.46,75.47,1.693,5.17,2.04,0.188,0.369,0.45,1.033,299.8,75.46,75.47,1.693,5.17,,,,0.0016285963929571958,0
03929508,Romain Langasque,Genesis Invitational,401703521,2026-02-19 00:00:00+00:00,2025,France,3.0,69.0,16,0.0,7.31209044437134,0.0,55.0,-1.4,-3.0,7.861297602813419,7.023769168568491,0.2,0.2,7.0,4,0.0,2.5,3.0,1.0,146.0,130.0,115.0,85.0,1.0087,16.0,31.0,61.0,5.0,1,0,5,0,3,56.3402,-2.8049,251.1679389312977,156.0,,,,,,,,,,,,,,,,,,,,,16.2,17.4,0.0,0.0015865809046780733,0
ca98b820,Aldrich Potgieter,Genesis Invitational,401738556,2026-02-19 00:00:00+00:00,2025,South Africa,0.0,70.0,28,1.0,7.986099033807292,-6.0,33.0,1.8,-2.4,4.5497252664309284,8.733078876700167,0.0,0.2,14.0,20,-1.0,,1.0,1.0,66.0,66.0,57.0,340.0,1.8308,0.0,9.0,-274.0,5.0,0,0,2,-1,-1,,,316.7068965517241,132.0,-1.52,0.341,-1.14,-0.297,-0.424,327.1,65.66,57.35,1.785,3.73,-1.52,0.341,-1.14,-0.297,-0.424,327.1,65.66,57.35,1.785,3.73,,,,0.0015415258757260739,0
3a41fdb2,Thomas Pieters,Genesis Invitational,401465539,2026-02-19 00:00:00+00:00,2023,Belgium,10.0,123.0,24,1.875,8.131059613284274,4.0,53.0,0.4,3.4,7.79743547584717,6.9314099896373484,0.0,0.0,35.0,3,6.0,2.0,6.0,0.0,73.0,65.0,49.0,35.0,1.4863,8.0,24.0,38.0,5.0,1,0,5,0,3,56.3402,-2.8049,174.82575757575756,156.0,,,,,,,,,,,,,,,,,,,,,14.4,14.0,1.9,0.0015394065712660964,0
7ce544ce,Thomas Detry,Genesis Invitational,401703530,2026-02-19 00:00:00+00:00,2025,Belgium,17.0,47.0,85,-2.847058823529412,7.797291780076046,-3.0,38.0,-0.2,1.0,2.280350850198301,5.7927157323276,0.0,0.0,7.0,29,-1.8518518518518519,3.0,1.0,1.0,43.0,39.0,31.0,55.0,2.4114,4.0,12.0,-12.0,5.0,0,1,5,1,0,41.8823,-87.6317,32.0,49.0,,,,,,,,,,,,,,,,,,,,,10.8,22.6,0.0,0.0015130773514803052,0
47ca50fe,Matt Fitzpatrick,Genesis Invitational,401703530,2026-02-19 00:00:00+00:00,2025,England,-1.0,17.0,144,-3.3680555555555554,7.363438813335192,-4.0,32.0,-10.2,-7.2,3.5637059362411088,9.065195959149355,0.8,0.6,7.0,26,-4.583333333333333,0.4,1.0,1.0,37.0,59.0,77.0,24.0,2.5569,-22.0,-40.0,13.0,5.0,0,1,5,1,0,41.8823,-87.6317,32.0,49.0,1.583,0.619,1.263,-0.044,-0.256,308.3,79.63,56.82,1.756,5.33,1.583,0.619,1.263,-0.044,-0.256,308.3,79.63,56.82,1.756,5.33,10.8,22.6,0.0,0.0014378282721601808,0
57809da5,Taylor Pendrith,Genesis Invitational,401703530,2026-02-19 00:00:00+00:00,2025,Canada,-2.0,15.0,92,-3.119565217391304,8.224651221843676,-5.0,28.0,-2.6,-2.4,5.176871642217908,6.48416875508685,0.0,0.0,7.0,31,-2.740740740740741,4.5,1.0,1.0,40.0,35.0,38.0,50.0,2.5183,5.0,2.0,-10.0,5.0,0,1,5,1,0,41.8823,-87.6317,32.0,49.0,1.33,0.237,0.146,0.341,0.606,316.8,70.09,71.43,1.713,4.69,1.33,0.237,0.146,0.341,0.606,316.8,70.09,71.43,1.713,4.69,10.8,22.6,0.0,0.0013967320477241288,0
6cb9a318,Kensei Hirata,Genesis Invitational,401703490,2026-02-19 00:00:00+00:00,2025,Japan,-10.0,21.0,7,1.5714285714285714,8.638231741453085,-2.0,8.0,-3.4,1.5714285714285714,1.949358868961791,8.638231741453085,0.4,0.25,28.0,3,,-1.0,6.0,1.0,112.0,114.0,105.0,254.0,1.0792,-2.0,7.0,-142.0,5.0,0,0,2,1,1,21.3892,-157.9511,170.21774193548387,143.0,-0.373,0.302,-0.308,-0.166,-0.201,300.7,72.59,52.7,1.827,3.47,-0.373,0.302,-0.308,-0.166,-0.201,300.7,72.59,52.7,1.827,3.47,14.0,23.0,0.9,0.0013305552610548895,0
443e1dd2,Jordan Spieth,Genesis Invitational,401738560,2026-02-19 00:00:00+00:00,2025,United States,0.0,19.0,164,-3.8292682926829267,7.000972549527235,-3.0,38.0,-1.8,-0.6,4.32434966208793,4.427188724235738,0.0,0.1,119.04166666666667,22,-3.409090909090909,-0.16666666666666666,1.0,0.0,70.0,65.0,49.0,64.0,1.7692,5.0,21.0,6.0,5.0,0,0,4,3,1,26.9342,-77.386,25.210526315789473,20.0,0.359,-0.13,-0.182,0.081,0.591,310.9,67.22,61.02,1.694,4.4,0.359,-0.13,-0.182,0.081,0.591,310.9,67.22,61.02,1.694,4.4,20.8,23.8,0.0,0.0012973624538500528,0
3e820840,Lucas Bjerregaard,Genesis Invitational,401155460,2026-02-19 00:00:00+00:00,2020,Denmark,1.0,132.0,23,1.6521739130434783,5.465667185857668,-1.0,95.0,1.6,0.5,1.9493588689617896,3.1358146203711286,0.0,0.0,7.0,14,0.8571428571428571,,12.0,1.0,130.0,119.0,119.0,48.0,1.204,11.0,11.0,82.0,5.0,0,0,3,1,0,42.3576,-83.074,186.0,157.0,,,,,,,,,,,,,,,,,,,,,13.8,26.4,0.0,0.001269088440799141,0
566dfaac,Garrick Higgo,Genesis Invitational,401738557,2026-02-19 00:00:00+00:00,2025,South Africa,-26.0,4.0,88,-2.0681818181818183,8.061253224702043,-14.0,4.0,-12.6,-6.3,7.536577472566707,9.944847912361453,0.6,0.3,28.041666666666668,15,-5.454545454545454,-17.0,2.0,1.0,77.0,96.0,146.0,339.0,1.673,-19.0,-69.0,-262.0,5.0,0,0,2,-1,-1,,,286.62745098039215,120.0,-1.841,0.156,-1.577,-0.154,-0.264,296.7,60.42,57.89,1.747,3.25,-1.841,0.156,-1.577,-0.154,-0.264,296.7,60.42,57.89,1.747,3.25,,,,0.0012548860984677248,0
f8f26aad,Kristoffer Reitan,Genesis Invitational,401703521,2026-02-19 00:00:00+00:00,2025,Norway,-4.0,30.0,2,-7.0,0.0,-7.0,13.0,-7.0,-7.0,0.0,0.0,0.0,0.0,7.0,2,-7.0,,13.0,1.0,84.0,99.0,392.0,848.0,1.559,-15.0,-308.0,-764.0,5.0,1,0,5,0,3,56.3402,-2.8049,251.1679389312977,156.0,-1.416,0.346,-0.874,-0.355,-0.533,312.7,66.11,54.1,1.773,3.2,-1.416,0.346,-0.874,-0.355,-0.533,312.7,66.11,54.1,1.773,3.2,16.2,17.4,0.0,0.001245424319023346,0
ae589756,Charley Hoffman,Genesis Invitational,401703514,2026-02-19 00:00:00+00:00,2025,United States,-1.0,87.0,141,-2.517730496453901,6.614489330120476,9.0,130.0,1.4,0.2,5.02991053598371,5.349974039397036,0.0,0.0,14.0,22,-1.9166666666666667,2.25,2.0,1.0,131.0,118.0,103.0,106.0,1.04,13.0,28.0,25.0,5.0,0,0,3,1,0,43.8413,-79.5352,336.2109375,156.0,-1.935,0.349,-1.214,0.359,-1.43,301.0,65.08,45.45,1.805,3.0,-1.935,0.349,-1.214,0.359,-1.43,301.0,65.08,45.45,1.805,3.0,14.9,16.9,16.2,0.0011999088691323288,0
b5fc78f7,Matt Jones,Genesis Invitational,401353225,2026-02-19 00:00:00+00:00,2022,Australia,-4.0,12.0,83,-2.3132530120481927,7.178775815951635,-11.0,2.0,0.8,-3.4,9.47100839404126,11.92755912442553,0.2,0.2,56.0,22,-3.6666666666666665,-2.3333333333333335,1.0,0.0,78.0,67.0,80.0,55.0,1.829,11.0,-2.0,23.0,5.0,0,0,4,1,1,32.7508,-97.3338,149.4811320754717,120.0,,,,,,,,,,,,,,,,,,,,,25.0,22.2,0.0,0.0011453866201620627,0
1618ed82,Byeong Hun An,Genesis Invitational,401738559,2026-02-19 00:00:00+00:00,2025,South Korea,-15.0,25.0,159,-2.647798742138365,7.492729273051239,-14.0,4.0,-6.0,-1.3,6.123724356957949,7.972870666621069,0.2,0.1,42.041666666666664,31,-1.8387096774193548,1.5,2.0,0.0,89.0,72.0,62.0,23.0,1.5717,17.0,27.0,66.0,5.0,0,0,2,3,1,31.5032,-81.3945,330.44525547445255,156.0,,,,,,,,,,,,,,,,,,,,,10.4,18.9,0.0,0.001111221299558469,0
36e3042a,Davis Riley,Genesis Invitational,401738559,2026-02-19 00:00:00+00:00,2025,United States,-8.0,67.0,109,-0.944954128440367,6.749259029818016,-4.0,74.0,0.6,2.1,8.142481194328917,6.740425308044983,0.0,0.0,14.0,28,0.4074074074074074,0.0,1.0,1.0,95.0,89.0,75.0,104.0,1.5046,6.0,20.0,-9.0,5.0,0,0,2,3,1,31.5032,-81.3945,330.44525547445255,156.0,-0.655,-1.196,-1.015,0.151,1.405,301.3,66.2,63.01,1.713,5.08,-0.655,-1.196,-1.015,0.151,1.405,301.3,66.2,63.01,1.713,5.08,10.4,18.9,0.0,0.001105485485226,0
6bfe872a,Adrian Meronk,Genesis Invitational,401580360,2026-02-19 00:00:00+00:00,2024,Poland,9.0,70.0,18,2.0,6.019575908454603,12.0,118.0,5.4,3.4,6.985699678629192,5.501514942874069,0.0,0.0,35.0,5,9.0,-1.0,14.0,0.0,75.0,73.0,61.0,48.0,1.5282,2.0,14.0,27.0,5.0,1,0,5,0,3,56.3402,-2.8049,182.73228346456693,157.0,,,,,,,,,,,,,,,,,,,,,22.4,16.7,0.9,0.0011012342672282649,0
acdb6dd6,Erik van Rooyen,Genesis Invitational,401738557,2026-02-19 00:00:00+00:00,2025,South Africa,0.0,105.0,128,-2.328125,7.810864001933005,-3.0,66.0,1.6,0.8,3.1304951684996762,4.366539438350086,0.0,0.0,35.041666666666664,24,-1.826086956521739,-0.5,1.0,0.0,104.0,97.0,86.0,73.0,1.4214,7.0,18.0,31.0,5.0,0,0,2,-1,-1,,,286.62745098039215,120.0,-1.688,-0.051,-0.967,-0.663,-0.008,311.1,66.67,46.3,1.75,4.44,-1.688,-0.051,-0.967,-0.663,-0.008,311.1,66.67,46.3,1.75,4.44,,,,0.0010542905341048006,0
07ef74d5,Tony Finau,Genesis Invitational,401703525,2026-02-19 00:00:00+00:00,2025,United States,6.0,64.0,175,-4.885714285714286,8.053597142233553,-4.0,44.0,2.6,1.1,5.504543577809153,6.838615844355246,0.0,0.0,7.0,26,-1.2608695652173914,-5.5,1.0,1.0,51.0,45.0,37.0,19.0,2.2189,6.0,14.0,32.0,5.0,0,1,5,1,1,35.1492,-90.049,41.61290322580645,69.0,0.148,-0.192,0.08,-0.11,0.369,304.6,66.3,61.54,1.687,4.13,0.148,-0.192,0.08,-0.11,0.369,304.6,66.3,61.54,1.687,4.13,8.8,29.1,0.0,0.0010269545223499398,0
17a95d64,Harry Hall,Genesis Invitational,401703531,2026-02-19 00:00:00+00:00,2025,England,-9.0,17.0,75,-4.8133333333333335,6.923702597429908,-8.0,6.0,-7.0,-8.5,2.549509756796392,4.0345728123033995,0.2,0.2,7.0,28,-7.625,,3.0,1.0,54.0,73.0,85.0,109.0,2.1426,-19.0,-31.0,-55.0,5.0,0,1,5,1,1,33.8313,-84.3881,20.071428571428573,30.0,0.805,0.005,-0.501,0.559,0.742,306.1,67.86,69.14,1.702,4.64,0.805,0.005,-0.501,0.559,0.742,306.1,67.86,69.14,1.702,4.64,9.8,24.7,16.7,0.0010084217933508876,0
c226ba50,Karl Vilips,Genesis Invitational,401738559,2026-02-19 00:00:00+00:00,2025,Australia,-11.0,51.0,21,0.047619047619047616,5.826458533931143,2.0,93.0,-3.4,-0.4,4.449719092257396,4.599516882842759,0.0,0.0,28.041666666666668,20,-0.4,,11.0,1.0,140.0,136.0,122.0,241.0,1.0444,4.0,18.0,-101.0,5.0,0,0,2,3,1,31.5032,-81.3945,330.44525547445255,156.0,0.384,-0.285,-0.339,-0.172,1.18,311.6,66.11,68.85,1.723,4.2,0.384,-0.285,-0.339,-0.172,1.18,311.6,66.11,68.85,1.723,4.2,10.4,18.9,0.0,0.0009528960553079836,0
22f78cd3,Mike Lorenzo-Vera,Genesis Invitational,401219333,2026-02-19 00:00:00+00:00,2020,France,10.0,50.0,7,2.2857142857142856,4.270608298368657,0.0,43.0,2.4,2.2857142857142856,5.176871642217914,4.270608298368657,0.0,0.0,42.0,3,0.0,,16.0,0.0,83.0,79.0,80.0,91.0,1.627,4.0,3.0,-8.0,5.0,1,0,5,0,0,40.6333,-74.358,85.08474576271186,144.0,,,,,,,,,,,,,,,,,,,,,11.1,19.1,0.0,0.0009371045947350528,0
88899ffb,Chris Paisley,Genesis Invitational,401025249,2026-02-19 00:00:00+00:00,2018,England,6.0,104.0,1,-1.0,,-1.0,36.0,-1.0,-1.0,,,0.0,0.0,62.958333333333336,1,-1.0,,36.0,0.0,89.0,79.0,82.0,,1.5632,10.0,7.0,,5.0,0,0,4,1,0,35.5104,-80.8516,136.73873873873873,156.0,,,,,,,,,,,,,,,,,,,,,13.7,20.2,0.0,0.000898086697876654,0
b4c84948,Grayson Murray,Genesis Invitational,401580352,2026-02-19 00:00:00+00:00,2024,United States,3.0,50.0,76,0.5789473684210527,7.2979689556199805,-6.0,43.0,-4.8,-1.6,1.6431676725154916,5.1033757890679,0.4,0.2,7.0,19,-2.066666666666667,6.0,1.0,1.0,58.0,60.0,53.0,302.0,1.9455,-2.0,5.0,-244.0,5.0,0,0,4,1,1,32.7508,-97.3338,153.6782608695652,132.0,,,,,,,,,,,,,,,,,,,,,28.7,25.7,1.1,0.0008437052656911085,0
40f186c9,Jorge Campillo,Genesis Invitational,401703519,2026-02-19 00:00:00+00:00,2025,Spain,-5.0,22.0,29,1.793103448275862,7.983819844557167,-4.0,52.0,-1.6,-1.6,9.099450532861862,7.9888811621041285,0.0,0.0,336.0,5,,-2.6666666666666665,19.0,0.0,140.0,125.0,128.0,126.0,1.0393,15.0,12.0,14.0,5.0,0,0,2,-1,-1,,,171.05714285714285,156.0,,,,,,,,,,,,,,,,,,,,,,,,0.0008336174100988458,0
4dfaeec4,Michael Kim,Genesis Invitational,401738555,2026-02-19 00:00:00+00:00,2025,United States,1.0,56.0,145,-0.27586206896551724,7.1311939535441855,-6.0,10.0,0.8,-2.3,4.324349662087938,5.696977756280571,0.2,0.1,56.0,36,-2.3548387096774195,-4.0,2.0,0.0,38.0,62.0,54.0,175.0,2.3716,-24.0,-16.0,-137.0,5.0,0,0,2,-1,-1,,,154.33823529411765,78.0,-0.173,-0.952,0.022,-0.195,0.952,302.9,67.04,66.29,1.729,4.0,-0.173,-0.952,0.022,-0.195,0.952,302.9,67.04,66.29,1.729,4.0,,,,0.0008135426020772156,0
329deb9b,Haotong Li,Genesis Invitational,401703523,2026-02-19 00:00:00+00:00,2025,China,-4.0,74.0,35,0.6285714285714286,7.348812286132142,-11.0,4.0,-4.6,-1.4,8.76356092008266,8.262364471909155,0.4,0.2,7.0,4,-3.0,,4.0,1.0,77.0,101.0,131.0,370.0,1.7775,-24.0,-54.0,-293.0,5.0,0,0,3,1,0,45.0302,-93.2069,283.65714285714284,156.0,1.142,0.733,0.619,0.279,-0.49,307.8,74.6,68.75,1.809,4.21,1.142,0.733,0.619,0.279,-0.49,307.8,74.6,68.75,1.809,4.21,10.7,23.6,0.3,0.0008002491531042715,0
baad2069,Nick Dunlap,Genesis Invitational,401738557,2026-02-19 00:00:00+00:00,2025,United States,-24.0,8.0,55,0.32727272727272727,8.768746152723836,0.0,70.0,-4.0,1.3,7.648529270389175,8.21989456542276,0.0,0.0,14.041666666666666,27,1.9230769230769231,0.0,1.0,1.0,142.0,125.0,102.0,32.0,1.0171,17.0,40.0,110.0,5.0,0,0,2,-1,-1,,,286.62745098039215,120.0,-1.487,-1.693,0.313,0.095,-0.203,288.0,62.04,51.22,1.761,3.83,-1.487,-1.693,0.313,0.095,-0.203,288.0,62.04,51.22,1.761,3.83,,,,0.000762049128655357,0
fb3394c2,Adam Schenk,Genesis Invitational,401738559,2026-02-19 00:00:00+00:00,2025,United States,2.0,151.0,186,-1.7795698924731183,7.134219920079672,-12.0,1.0,-9.2,-3.2,2.588435821108973,8.230026326405843,0.2,0.1,7.0,24,-2.0869565217391304,2.25,1.0,1.0,132.0,234.0,205.0,89.0,1.1278,-102.0,-73.0,43.0,5.0,0,0,2,3,1,31.5032,-81.3945,330.44525547445255,156.0,-2.046,-0.689,-0.553,0.166,-0.97,300.1,63.33,51.52,1.784,3.67,-2.046,-0.689,-0.553,0.166,-0.97,300.1,63.33,51.52,1.784,3.67,10.4,18.9,0.0,0.0007347022601389847,0
d4305d48,John Parry,Genesis Invitational,401703521,2026-02-19 00:00:00+00:00,2025,England,-7.0,16.0,5,0.4,4.505552130427524,0.0,55.0,0.4,0.4,4.505552130427524,4.505552130427524,0.0,0.0,7.0,3,2.6666666666666665,-3.0,55.0,1.0,116.0,109.0,103.0,258.0,1.1999,7.0,13.0,-142.0,5.0,1,0,5,0,3,56.3402,-2.8049,251.1679389312977,156.0,0.53,-0.138,0.272,-0.134,0.53,303.0,75.35,57.75,1.742,4.31,0.53,-0.138,0.272,-0.134,0.53,303.0,75.35,57.75,1.742,4.31,16.2,17.4,0.0,0.0006962080506179604,0
6a13a3e1,Bio Kim,Genesis Invitational,401465539,2026-02-19 00:00:00+00:00,2023,South Korea,6.0,74.0,4,1.5,4.123105625617661,1.0,96.0,1.5,1.5,4.123105625617661,4.123105625617661,0.0,0.0,7.0,3,1.0,,37.0,1.0,113.0,113.0,113.0,111.0,1.3726,0.0,0.0,2.0,348.0,1,0,5,0,3,56.3402,-2.8049,174.82575757575756,156.0,,,,,,,,,,,,,,,,,,,,,14.4,14.0,1.9,0.0006856137617544031,0
97406eca,Paul Dunne,Genesis Invitational,401025263,2026-02-19 00:00:00+00:00,2018,Ireland,6.0,128.0,2,-3.0,14.142135623730951,-13.0,8.0,-3.0,-3.0,14.142135623730951,14.142135623730951,0.3333333333333333,0.3333333333333333,133.0,2,-3.0,,8.0,0.0,81.0,74.0,70.0,,1.8286,7.0,11.0,,5.0,1,0,5,1,0,38.2004,-85.7512,73.04237288135593,156.0,,,,,,,,,,,,,,,,,,,,,9.3,25.7,0.0,0.0006511922955547544,0
cb633379,Wyndham Clark,Genesis Invitational,401738560,2026-02-19 00:00:00+00:00,2025,United States,-15.0,8.0,159,-2.949685534591195,7.861779634052947,-3.0,84.0,-6.2,-6.8,7.661592523751186,5.432413009990231,0.2,0.2,28.0,29,-3.642857142857143,-2.1666666666666665,1.0,1.0,38.0,33.0,27.0,6.0,2.2121,5.0,11.0,32.0,5.0,0,0,4,3,1,26.9342,-77.386,25.210526315789473,20.0,-0.114,-0.174,0.357,0.022,-0.318,310.1,69.79,63.22,1.697,4.69,-0.114,-0.174,0.357,0.022,-0.318,310.1,69.79,63.22,1.697,4.69,20.8,23.8,0.0,0.0006510353078903125,0
542d1f3d,Aaron Rai,Genesis Invitational,401738560,2026-02-19 00:00:00+00:00,2025,England,-3.0,18.0,104,-3.855769230769231,7.442228329562009,-6.0,22.0,-5.6,-1.7,4.9295030175464944,6.896859188548557,0.2,0.1,119.04166666666667,26,-3.96,-1.3333333333333333,1.0,0.0,23.0,30.0,34.0,21.0,3.1098,-7.0,-11.0,2.0,5.0,0,0,4,3,1,26.9342,-77.386,25.210526315789473,20.0,-1.198,-0.329,0.198,-0.319,-0.747,288.0,75.69,57.14,1.862,3.13,-1.198,-0.329,0.198,-0.319,-0.747,288.0,75.69,57.14,1.862,3.13,20.8,23.8,0.0,0.0006102613628610609,0
1a4e8298,Yusaku Miyazato,Genesis Invitational,401025263,2026-02-19 00:00:00+00:00,2018,Japan,13.0,155.0,3,8.0,2.6457513110645907,10.0,74.0,8.0,8.0,2.6457513110645907,2.6457513110645907,0.0,0.0,126.0,3,8.0,,59.0,0.0,78.0,70.0,63.0,,1.864,8.0,15.0,,5.0,1,0,5,1,0,38.2004,-85.7512,73.04237288135593,156.0,,,,,,,,,,,,,,,,,,,,,9.3,25.7,0.0,0.0005742897348503821,0
b1a46c4c,Tomoharu Otsuki,Genesis Invitational,401465500,2026-02-19 00:00:00+00:00,2022,Japan,10.0,77.0,2,0.5,0.7071067811865476,1.0,35.0,0.5,0.5,0.7071067811865476,0.7071067811865476,0.0,0.0,357.0,1,,1.0,35.0,0.0,132.0,132.0,125.0,123.0,1.2042,0.0,7.0,9.0,40.0,0,0,3,1,1,35.709,139.732,137.35294117647058,78.0,,,,,,,,,,,,,,,,,,,,,25.6,16.1,5.9,0.0005496279096361618,0
eac36598,Mark Hubbard,Genesis Invitational,401738559,2026-02-19 00:00:00+00:00,2025,United States,-14.0,34.0,140,-3.6357142857142857,7.259041213703124,3.0,73.0,-2.4,-6.9,5.029910535983718,6.690789689316704,0.0,0.1,7.0,26,-3.32,4.666666666666667,2.0,1.0,115.0,106.0,95.0,95.0,1.2478,9.0,20.0,20.0,5.0,0,0,2,3,1,31.5032,-81.3945,330.44525547445255,156.0,-2.0,-0.36,-0.778,-0.027,-0.836,301.3,66.24,55.7,1.794,2.92,-2.0,-0.36,-0.778,-0.027,-0.836,301.3,66.24,55.7,1.794,2.92,10.4,18.9,0.0,0.0005366712122600734,0
a2dd7b4d,Austin Eckroat,Genesis Invitational,401738559,2026-02-19 00:00:00+00:00,2025,United States,-13.0,41.0,97,-2.3402061855670104,8.155885653341272,-11.0,59.0,-6.4,-4.4,6.767569726275449,9.512564790259717,0.0,0.0,14.0,29,-2.3214285714285716,5.0,1.0,1.0,111.0,102.0,90.0,35.0,1.2919,9.0,21.0,76.0,5.0,0,0,2,3,1,31.5032,-81.3945,330.44525547445255,156.0,-1.132,-0.459,0.327,-0.542,-0.458,297.9,67.17,52.31,1.684,4.27,-1.132,-0.459,0.327,-0.542,-0.458,297.9,67.17,52.31,1.684,4.27,10.4,18.9,0.0,0.0005321639422031579,0
dd045e9c,Joe Highsmith,Genesis Invitational,401738559,2026-02-19 00:00:00+00:00,2025,United States,-1.0,136.0,53,-1.0943396226415094,8.160090852961881,-2.0,91.0,3.8,3.3,4.147288270665552,3.917198545446023,0.0,0.0,14.0,33,1.125,-12.0,1.0,1.0,109.0,100.0,88.0,169.0,1.3577,9.0,21.0,-60.0,5.0,0,0,2,3,1,31.5032,-81.3945,330.44525547445255,156.0,-1.489,-0.373,-0.162,-0.552,-0.402,306.0,65.36,51.89,1.755,3.82,-1.489,-0.373,-0.162,-0.552,-0.402,306.0,65.36,51.89,1.755,3.82,10.4,18.9,0.0,0.0005286767722757669,0
c7b3ef84,Keita Nakajima,Genesis Invitational,401738555,2026-02-19 00:00:00+00:00,2025,Japan,-4.0,40.0,22,2.8636363636363638,6.541409885494357,0.0,55.0,7.8,5.0,8.642916174532761,6.6332495807108005,0.0,0.0,91.0,3,1.6666666666666667,2.0,12.0,0.0,128.0,122.0,138.0,117.0,1.1228,6.0,-10.0,11.0,5.0,0,0,2,-1,-1,,,154.33823529411765,78.0,-1.334,-0.602,0.132,-0.486,-0.378,313.0,70.94,48.53,1.795,3.46,-1.334,-0.602,0.132,-0.486,-0.378,313.0,70.94,48.53,1.795,3.46,,,,0.0005260019316443466,0
1a2dfb37,Hudson Swafford,Genesis Invitational,401353231,2026-02-19 00:00:00+00:00,2022,United States,-6.0,35.0,61,-0.9672131147540983,7.989508147386701,5.0,32.0,6.6,0.4,4.979959839195498,10.057611821677925,0.0,0.1,7.0,22,0.25,-0.3333333333333333,1.0,1.0,75.0,79.0,166.0,176.0,1.8022,-4.0,-91.0,-101.0,5.0,0,0,4,0,1,32.1385,-80.8008,155.36206896551724,132.0,,,,,,,,,,,,,,,,,,,,,28.8,22.4,0.1,0.0004987715528332485,0
1521d8e9,Corey Conners,Genesis Invitational,401738560,2026-02-19 00:00:00+00:00,2025,Canada,-17.0,7.0,178,-4.185393258426966,6.797674088121311,-14.0,4.0,-5.0,-2.7,8.396427811873334,7.616502551113015,0.6,0.3,105.04166666666667,26,-4.653846153846154,0.16666666666666666,1.0,0.0,30.0,27.0,24.0,42.0,2.6416,3.0,6.0,-12.0,5.0,0,0,4,3,1,26.9342,-77.386,25.210526315789473,20.0,-0.746,0.124,0.475,-0.477,-0.867,307.3,72.78,53.06,1.794,3.9,-0.746,0.124,0.475,-0.477,-0.867,307.3,72.78,53.06,1.794,3.9,20.8,23.8,0.0,0.0004975972127531731,0
77221ba3,Anirban Lahiri,Genesis Invitational,401465523,2026-02-19 00:00:00+00:00,2023,India,7.0,61.0,68,-0.16176470588235295,6.36363337057955,0.0,74.0,-0.6,2.6,6.024948132556828,8.617811013631401,0.2,0.1,280.0,4,,2.0,5.0,0.0,104.0,95.0,100.0,75.0,1.1827,9.0,4.0,29.0,5.0,1,0,5,1,0,38.2004,-85.7512,108.42857142857143,156.0,,,,,,,,,,,,,,,,,,,,,9.8,17.8,0.0,0.0004946560171171403,0
aec23f82,Matthew Wolff,Genesis Invitational,401353221,2026-02-19 00:00:00+00:00,2022,United States,-6.0,40.0,55,-0.8727272727272727,8.737010560560948,15.0,84.0,10.6,2.4,6.188699378706318,11.78699848703364,0.0,0.1,77.0,15,10.6,5.5,2.0,0.0,74.0,62.0,45.0,32.0,1.8167,12.0,29.0,42.0,5.0,0,0,4,1,0,41.9287,-72.696,182.109375,156.0,,,,,,,,,,,,,,,,,,,,,15.5,18.5,0.7,0.00048658049963029316,0
a7fc3994,Eugenio Chacarra,Genesis Invitational,401703519,2026-02-19 00:00:00+00:00,2025,Spain,2.0,84.0,5,1.6,6.841052550594828,4.0,68.0,1.6,1.6,6.841052550594828,6.841052550594828,0.0,0.0,56.0,1,4.0,,45.0,0.0,142.0,140.0,167.0,435.0,1.0138,2.0,-25.0,-293.0,5.0,0,0,2,-1,-1,,,171.05714285714285,156.0,,,,,,,,,,,,,,,,,,,,,,,,0.0004823364613546561,0
31a9644b,Rickie Fowler,Genesis Invitational,401703530,2026-02-19 00:00:00+00:00,2025,United States,-7.0,7.0,161,-3.2732919254658386,7.4321830386836485,-10.0,6.0,-8.6,-6.7,3.286335345030985,4.643992535164818,0.2,0.2,7.0,26,-4.3478260869565215,-2.2,1.0,1.0,87.0,114.0,128.0,63.0,1.6312,-27.0,-41.0,24.0,5.0,0,1,5,1,0,41.8823,-87.6317,32.0,49.0,1.196,0.115,0.793,-0.353,0.64,312.7,73.15,67.24,1.671,4.92,1.196,0.115,0.793,-0.353,0.64,312.7,73.15,67.24,1.671,4.92,10.8,22.6,0.0,0.0004793477538411418,0
4bd526c2,Jon Rahm,Genesis Invitational,401703521,2026-02-19 00:00:00+00:00,2025,Spain,-3.0,34.0,104,-7.8173076923076925,8.159531234247387,4.0,7.0,-1.0,-0.8,3.082207001484502,4.6139883927995164,0.8,0.4,35.0,5,-1.0,-9.0,1.0,0.0,72.0,59.0,72.0,10.0,1.8755,13.0,0.0,62.0,5.0,1,0,5,0,3,56.3402,-2.8049,251.1679389312977,156.0,,,,,,,,,,,,,,,,,,,,,16.2,17.4,0.0,0.00046475678857163717,0
dfab2143,Lucas Glover,Genesis Invitational,401703530,2026-02-19 00:00:00+00:00,2025,United States,10.0,41.0,176,-3.1136363636363638,7.817828442633004,-2.0,44.0,-6.2,-2.4,5.932958789676533,7.876829593462363,0.2,0.2,7.0,31,-2.32,0.75,1.0,1.0,48.0,44.0,40.0,51.0,2.268,4.0,8.0,-3.0,5.0,0,1,5,1,0,41.8823,-87.6317,32.0,49.0,-1.363,-0.516,0.759,-0.129,-1.476,272.8,66.67,58.33,1.708,5.25,-1.363,-0.516,0.759,-0.129,-1.476,272.8,66.67,58.33,1.708,5.25,10.8,22.6,0.0,0.00046177699382106267,0
362637c5,Kevin Na,Genesis Invitational,401465508,2026-02-19 00:00:00+00:00,2023,United States,4.0,35.0,84,-2.9761904761904763,8.64141915843199,4.0,116.0,0.2,2.1,5.718391382198315,8.569325138733701,0.2,0.1,266.0,6,,2.6666666666666665,1.0,0.0,101.0,84.0,32.0,30.0,1.2167,17.0,69.0,71.0,5.0,1,0,5,1,1,33.5032,-82.0197,132.18571428571428,88.0,,,,,,,,,,,,,,,,,,,,,12.2,22.6,0.9,0.00044635775153550395,0
cc537afe,Shaun Norris,Genesis Invitational,401703521,2026-02-19 00:00:00+00:00,2025,South Africa,5.0,110.0,15,4.333333333333333,5.601870435930519,5.0,125.0,4.8,3.3,2.04939015319192,6.360468186820492,0.0,0.0,7.0,2,5.0,3.0,27.0,1.0,103.0,93.0,95.0,335.0,1.4008,10.0,8.0,-232.0,5.0,1,0,5,0,3,56.3402,-2.8049,251.1679389312977,156.0,,,,,,,,,,,,,,,,,,,,,16.2,17.4,0.0,0.00040661815888185546,0
d6d0ce02,George Coetzee,Genesis Invitational,401243418,2026-02-19 00:00:00+00:00,2021,South Africa,10.0,111.0,1,9.0,,9.0,51.0,9.0,9.0,,,0.0,0.0,939.0,0,,,51.0,0.0,96.0,94.0,82.0,141.0,1.4266,2.0,14.0,-45.0,5.0,1,0,5,1,0,38.2004,-85.7512,76.08064516129032,157.0,,,,,,,,,,,,,,,,,,,,,14.8,22.4,0.0,0.00040078737008779515,0
35f4afee,Brian Campbell,Genesis Invitational,401738555,2026-02-19 00:00:00+00:00,2025,United States,-8.0,20.0,29,1.5172413793103448,9.283705731992296,6.0,129.0,6.2,4.3,7.362064927722383,9.978309810116475,0.0,0.1,28.0,28,1.1428571428571428,,1.0,1.0,60.0,61.0,57.0,172.0,2.0115,-1.0,3.0,-112.0,5.0,0,0,2,-1,-1,,,154.33823529411765,78.0,-2.204,-0.903,-1.172,-0.562,0.434,277.2,58.12,60.2,1.728,3.46,-2.204,-0.903,-1.172,-0.562,0.434,277.2,58.12,60.2,1.728,3.46,,,,0.0003237144751356854,0
263513e6,Neal Shipley,Genesis Invitational,401703512,2026-02-19 00:00:00+00:00,2025,United States,1.0,54.0,9,-1.7777777777777777,7.822687801800889,1.0,47.0,-5.0,-1.7777777777777777,4.690415759823428,7.822687801800889,0.0,0.0,63.0,8,1.0,,13.0,0.0,135.0,136.0,231.0,,0.9731,-1.0,-96.0,,5.0,0,0,4,1,1,32.7508,-97.3338,175.72649572649573,135.0,-2.29,0.602,-0.091,-0.999,-1.803,308.5,70.2,38.98,1.777,3.73,-2.29,0.602,-0.091,-0.999,-1.803,308.5,70.2,38.98,1.777,3.73,23.6,27.2,2.2,0.00029945760655939623,0
4ee53f64,Martin Couvra,Genesis Invitational,401703521,2026-02-19 00:00:00+00:00,2025,France,9.0,143.0,2,4.0,0.0,4.0,118.0,4.0,4.0,0.0,0.0,0.0,0.0,7.0,2,4.0,,118.0,1.0,127.0,144.0,290.0,435.0,1.1592,-17.0,-163.0,-308.0,5.0,1,0,5,0,3,56.3402,-2.8049,251.1679389312977,156.0,,,,,,,,,,,,,,,,,,,,,16.2,17.4,0.0,0.00028369363676319736,0
d604484a,Yuta Ikeda,Genesis Invitational,401056546,2026-02-19 00:00:00+00:00,2019,Japan,9.0,137.0,7,4.428571428571429,4.429339411136565,2.0,111.0,5.6,4.428571428571429,4.722287581247038,4.429339411136565,0.0,0.0,188.95833333333334,3,2.0,,45.0,0.0,127.0,110.0,116.0,93.0,1.2073,17.0,11.0,34.0,5.0,0,0,2,-1,-1,,,92.672,156.0,,,,,,,,,,,,,,,,,,,,,,,,0.000274854230073478,0
9d18ef14,Kazuki Higa,Genesis Invitational,401738555,2026-02-19 00:00:00+00:00,2025,Japan,-9.0,18.0,12,5.25,5.7386251125002214,6.0,74.0,8.4,5.1,6.54217089351845,6.314885412877874,0.0,0.0,812.0,0,,,36.0,0.0,126.0,237.0,287.0,408.0,1.1323,-111.0,-161.0,-282.0,5.0,0,0,2,-1,-1,,,154.33823529411765,78.0,,,,,,,,,,,,,,,,,,,,,,,,0.00024974936395482766,0
d4340a16,Adrien Saddier,Genesis Invitational,401703521,2026-02-19 00:00:00+00:00,2025,France,0.0,52.0,2,5.0,0.0,5.0,125.0,5.0,5.0,0.0,0.0,0.0,0.0,7.0,2,5.0,,125.0,1.0,139.0,203.0,185.0,357.0,1.0797,-64.0,-46.0,-218.0,5.0,1,0,5,0,3,56.3402,-2.8049,251.1679389312977,156.0,-0.36,-0.164,-0.255,-0.053,0.112,301.6,68.06,56.52,1.748,4.0,-0.36,-0.164,-0.255,-0.053,0.112,301.6,68.06,56.52,1.748,4.0,16.2,17.4,0.0,0.00023386829371325189,0
78a22d7d,Carlos Ortiz,Genesis Invitational,401703521,2026-02-19 00:00:00+00:00,2025,Mexico,3.0,69.0,80,-2.875,7.845622822208217,3.0,4.0,4.8,4.2,5.0199601592044525,7.083627444874401,0.2,0.1,35.0,1,3.0,-1.6666666666666667,1.0,0.0,129.0,113.0,217.0,260.0,1.1541,16.0,-88.0,-131.0,5.0,1,0,5,0,3,56.3402,-2.8049,251.1679389312977,156.0,,,,,,,,,,,,,,,,,,,,,16.2,17.4,0.0,0.00023043346529789678,0
1fa3f7dc,Benjamin Hebert,Genesis Invitational,401219481,2026-02-19 00:00:00+00:00,2020,France,6.0,117.0,4,4.0,2.309401076758503,6.0,66.0,4.0,4.0,2.309401076758503,2.309401076758503,0.0,0.0,280.0,2,,,41.0,0.0,109.0,98.0,93.0,94.0,1.4003,11.0,16.0,15.0,5.0,1,0,5,1,0,38.2004,-85.7512,80.24590163934427,156.0,,,,,,,,,,,,,,,,,,,,,11.9,21.8,0.0,0.00022857232827546402,0
4d69cfa5,Brendan Steele,Genesis Invitational,401465523,2026-02-19 00:00:00+00:00,2023,United States,6.0,40.0,87,-1.4597701149425288,6.989701057754253,2.0,76.0,-6.4,-4.5,7.162401831787997,6.293735862833069,0.0,0.0,97.95833333333333,12,-6.0,3.0,2.0,0.0,143.0,126.0,118.0,164.0,0.9337,17.0,25.0,-21.0,5.0,1,0,5,1,0,38.2004,-85.7512,108.42857142857143,156.0,,,,,,,,,,,,,,,,,,,,,9.8,17.8,0.0,0.00021959812060823024,0
483038b5,Jhonattan Vegas,Genesis Invitational,401703530,2026-02-19 00:00:00+00:00,2025,Venezuela,15.0,46.0,125,-3.336,7.106271650745808,-8.0,14.0,-3.6,0.5,5.54977477020464,7.059272861515793,0.0,0.0,7.0,28,-1.619047619047619,0.3333333333333333,1.0,1.0,60.0,55.0,49.0,84.0,2.0374,5.0,11.0,-24.0,5.0,0,1,5,1,0,41.8823,-87.6317,32.0,49.0,-3.793,-0.436,-2.369,0.177,-1.165,301.3,61.11,53.97,1.798,2.67,-3.793,-0.436,-2.369,0.177,-1.165,301.3,61.11,53.97,1.798,2.67,10.8,22.6,0.0,0.00020161571654310766,0
4089d6ff,Brendan Jones,Genesis Invitational,401056552,2026-02-19 00:00:00+00:00,2019,Australia,15.0,145.0,0,,,,,,,,,,,,0,,,,0.0,101.0,153.0,136.0,285.0,1.3477,-52.0,-35.0,-184.0,5.0,1,0,5,1,0,38.2004,-85.7512,75.69672131147541,156.0,,,,,,,,,,,,,,,,,,,,,13.4,19.0,0.0,0.00017936631505364854,0
92004ed3,Billy Horschel,Genesis Invitational,401738560,2026-02-19 00:00:00+00:00,2025,United States,-7.0,15.0,164,-3.6219512195121952,7.656971231454618,-14.0,11.0,-5.0,-2.6,7.483314773547882,8.355969256897867,0.0,0.1,42.041666666666664,16,-3.875,5.0,2.0,0.0,45.0,40.0,33.0,17.0,2.1093,5.0,12.0,28.0,5.0,0,0,4,3,1,26.9342,-77.386,25.210526315789473,20.0,-0.806,-0.451,-0.086,0.228,-0.497,299.7,70.49,52.94,1.759,3.69,-0.806,-0.451,-0.086,0.228,-0.497,299.7,70.49,52.94,1.759,3.69,20.8,23.8,0.0,0.0001688592974503551,0
31320d2b,David Puig,Genesis Invitational,401703511,2026-02-19 00:00:00+00:00,2025,Spain,6.0,92.0,5,8.8,4.919349550499537,13.0,129.0,8.8,8.8,4.919349550499537,4.919349550499537,0.0,0.0,301.0,4,,3.0,53.0,0.0,113.0,101.0,83.0,109.0,1.1783,12.0,30.0,4.0,5.0,1,0,5,1,0,38.2004,-85.7512,211.609756097561,156.0,,,,,,,,,,,,,,,,,,,,,20.8,24.2,0.5,0.00016119063827802472,0
f5dbeb10,Tom McKibbin,Genesis Invitational,401703521,2026-02-19 00:00:00+00:00,2025,Northern Ireland,3.0,69.0,8,3.0,6.928203230275509,4.0,68.0,4.8,3.0,7.014271166700073,6.928203230275509,0.0,0.0,63.0,3,4.0,12.0,35.0,0.0,142.0,129.0,119.0,103.0,1.062,13.0,23.0,39.0,5.0,1,0,5,0,3,56.3402,-2.8049,251.1679389312977,156.0,,,,,,,,,,,,,,,,,,,,,16.2,17.4,0.0,0.00010685132102948396,0
acd6cd25,Brad Kennedy,Genesis Invitational,401353216,2026-02-19 00:00:00+00:00,2022,Australia,-4.0,53.0,6,2.1666666666666665,8.035338615557324,-1.0,44.0,4.8,2.1666666666666665,5.357238094391549,8.035338615557324,0.0,0.0,343.0,2,,-1.0,41.0,0.0,135.0,129.0,225.0,219.0,1.2061,6.0,-90.0,-84.0,5.0,0,0,2,-1,-1,,,98.85,158.0,,,,,,,,,,,,,,,,,,,,,,,,9.381544225600086e-05,0
423fe997,Marco Penge,Genesis Invitational,401703521,2026-02-19 00:00:00+00:00,2025,England,4.0,91.0,7,-0.14285714285714285,9.281317640446165,-13.0,2.0,-2.2,-0.14285714285714285,10.52140675005011,9.281317640446165,0.4,0.25,7.0,3,-9.0,6.5,2.0,1.0,92.0,183.0,344.0,421.0,1.492,-91.0,-252.0,-329.0,5.0,1,0,5,0,3,56.3402,-2.8049,251.1679389312977,156.0,-1.828,0.843,-0.924,-0.556,-1.191,319.4,66.67,41.67,1.792,3.25,-1.828,0.843,-0.924,-0.556,-1.191,319.4,66.67,41.67,1.792,3.25,16.2,17.4,0.0,8.060521026102465e-05,0
