name,event_label,win_probability,tournament,dk_odds,best_odds,best_book,avg_novig_prob,model_prob,edge_pp,half_kelly_pct
Rory McIlroy,us_open,0.1405719285906971,US Open Winner,800.0,900.0,betonlineag,0.0714239451961128,0.1405719285906971,6.91479833945843,2.25
Russell Henley,us_open,0.05981478205949909,US Open Winner,5500.0,5500.0,draftkings,0.012935808401212367,0.05981478205949909,4.687897365828672,2.14
Patrick Cantlay,us_open,0.05921582764586814,US Open Winner,4500.0,8000.0,betonlineag,0.01347601699558643,0.05921582764586814,4.573981065028171,2.37
Russell Henley,masters,0.04984071064168792,Masters Tournament Winner,5000.0,6500.0,bovada,0.011002662480178872,0.04984071064168792,3.883804816150905,1.76
Rory McIlroy,masters,0.11493560010722034,Masters Tournament Winner,600.0,850.0,espnbet,0.07617065681617914,0.11493560010722034,3.87649432910412,0.54
Collin Morikawa,us_open,0.06098624257663889,US Open Winner,2200.0,3500.0,betonlineag,0.022240161123753415,0.06098624257663889,3.874608145288548,1.71
Viktor Hovland,pga_champ,0.05685854464859222,PGA Championship Winner,3500.0,3500.0,bovada,0.01928269046565815,0.05685854464859222,3.7575854182934068,1.5
Patrick Cantlay,masters,0.0493200832272927,Masters Tournament Winner,5000.0,6000.0,espnbet,0.01239860745000606,0.0493200832272927,3.692147577728664,1.67
Viktor Hovland,masters,0.054395225780402436,Masters Tournament Winner,3500.0,3500.0,espnbet,0.017675723464773734,0.054395225780402436,3.6719502315628705,1.37
Patrick Cantlay,open,0.04560143344395038,The Open Winner,6000.0,7000.0,lowvig,0.01157208540886786,0.04560143344395038,3.402934803508252,1.6
Russell Henley,open,0.045636185638236036,The Open Winner,5500.0,5500.0,lowvig,0.012510157793131627,0.045636185638236036,3.3126027845104407,1.41
Viktor Hovland,us_open,0.05263895111793065,US Open Winner,2800.0,4000.0,betonlineag,0.02033193518219947,0.05263895111793065,3.230701593573118,1.45
Russell Henley,pga_champ,0.04283411851719724,PGA Championship Winner,7000.0,7000.0,draftkings,0.01098864663485603,0.04283411851719724,3.1845471882341214,1.46
Viktor Hovland,open,0.05265230335944305,The Open Winner,3000.0,3500.0,espnbet,0.021766233245309696,0.05265230335944305,3.0886070114133353,1.28
Patrick Cantlay,pga_champ,0.04575393298930269,PGA Championship Winner,4500.0,6000.0,lowvig,0.014965857313760194,0.04575393298930269,3.0788075675542497,1.49
Kurt Kitayama,pga_champ,0.034671330854593806,PGA Championship Winner,,25000.0,betmgm,0.00427489624869676,0.034671330854593806,3.039643460589705,1.54
Rory McIlroy,pga_champ,0.1112172587677424,PGA Championship Winner,650.0,850.0,lowvig,0.0818345301255109,0.1112172587677424,2.93827286422315,0.33
Justin Thomas,open,0.042804248015515835,The Open Winner,4500.0,6000.0,lowvig,0.014761459072984024,0.042804248015515835,2.804278894253181,1.34
Collin Morikawa,open,0.04719183539762676,The Open Winner,2500.0,3500.0,lowvig,0.020190079832667313,0.04719183539762676,2.7001755564959447,1.0
Rory McIlroy,open,0.10109810348153912,The Open Winner,750.0,900.0,lowvig,0.07413474278161455,0.10109810348153912,2.696336069992457,0.06
Collin Morikawa,masters,0.050114827617590764,Masters Tournament Winner,2500.0,3500.0,fanduel,0.023384511480310732,0.050114827617590764,2.673031613728003,1.15
Kurt Kitayama,open,0.030341437161815234,The Open Winner,,15000.0,lowvig,0.004457608370489079,0.030341437161815234,2.5883828791326153,1.19
Justin Thomas,masters,0.04023985113442418,Masters Tournament Winner,4000.0,5500.0,fanduel,0.015579877705120948,0.04023985113442418,2.4659973429303235,1.14
Collin Morikawa,pga_champ,0.04955297319108875,PGA Championship Winner,2200.0,3000.0,lowvig,0.0251083150850722,0.04955297319108875,2.4444658106016552,0.89
Kurt Kitayama,us_open,0.02771344208532979,US Open Winner,,15000.0,betmgm,0.004533932697586396,0.02771344208532979,2.3179509387743393,1.06
Ben Griffin,open,0.02855480254258786,The Open Winner,8000.0,9000.0,espnbet,0.00816297269076812,0.02855480254258786,2.039182985181974,0.89
Ben Griffin,masters,0.03118559605830077,Masters Tournament Winner,5000.0,6000.0,bovada,0.011625183712165477,0.03118559605830077,1.9560412346135294,0.75
Kurt Kitayama,masters,0.022174844165999012,Masters Tournament Winner,15000.0,20000.0,espnbet,0.0048666307493260225,0.022174844165999012,1.730821341667299,0.86
Min Woo Lee,us_open,0.024102795213364985,US Open Winner,9000.0,10000.0,betonlineag,0.007709466601120408,0.024102795213364985,1.6393328612244578,0.72
Justin Thomas,pga_champ,0.039788708437612376,PGA Championship Winner,2500.0,3300.0,lowvig,0.025570164057293662,0.039788708437612376,1.4218544380318714,0.53
Min Woo Lee,pga_champ,0.02087016142634772,PGA Championship Winner,9000.0,10000.0,lowvig,0.007257828943915368,0.02087016142634772,1.3612332482432352,0.55
Min Woo Lee,open,0.020236034735820675,The Open Winner,12500.0,12500.0,draftkings,0.006847733199737524,0.020236034735820675,1.3388301536083151,0.62
Harris English,masters,0.018689477683194514,Masters Tournament Winner,9000.0,15000.0,bovada,0.006535013752052107,0.018689477683194514,1.2154463931142407,0.61
Harris English,open,0.021141578311062375,The Open Winner,8000.0,8000.0,betmgm,0.010271958182662725,0.021141578311062375,1.086962012839965,0.45
Matt McCarty,masters,0.013757354415471596,Masters Tournament Winner,10000.0,20000.0,bovada,0.004441902125265768,0.013757354415471596,0.9315452290205827,0.44
Harris English,pga_champ,0.017119298248364424,PGA Championship Winner,8000.0,10000.0,bovada,0.007946757054617736,0.017119298248364424,0.9172541193746688,0.36
Ben Griffin,pga_champ,0.019945493697886826,PGA Championship Winner,5000.0,7000.0,lowvig,0.011203483989185309,0.019945493697886826,0.8742009708701518,0.3
Maverick McNealy,masters,0.014971250734237706,Masters Tournament Winner,10000.0,10000.0,betrivers,0.006232707090675458,0.014971250734237706,0.8738543643562247,0.26
Victor Perez,pga_champ,0.011029953469407763,PGA Championship Winner,,25000.0,bovada,0.002422409177265746,0.011029953469407763,0.8607544292142018,0.35
Max Greyserman,masters,0.012665093353954179,Masters Tournament Winner,25000.0,25000.0,draftkings,0.004140376243732094,0.012665093353954179,0.8524717110222086,0.44
Matt McCarty,open,0.01041506183573872,The Open Winner,,25000.0,betmgm,0.0024847711097958237,0.01041506183573872,0.7930290725942896,0.32
Max Greyserman,pga_champ,0.011677440980598721,PGA Championship Winner,20000.0,20000.0,draftkings,0.003805192385019526,0.011677440980598721,0.7872248595579195,0.34
Keegan Bradley,masters,0.012562053232717639,Masters Tournament Winner,12000.0,15000.0,espnbet,0.00545976762851626,0.012562053232717639,0.7102285604201379,0.3
Maverick McNealy,pga_champ,0.014378022525336698,PGA Championship Winner,8000.0,12500.0,lowvig,0.007304508277082162,0.014378022525336698,0.7073514248254537,0.32
Thriston Lawrence,open,0.00921154237731135,The Open Winner,30000.0,30000.0,draftkings,0.0022213247172859453,0.00921154237731135,0.6990217660025405,0.3
Matt McCarty,pga_champ,0.009839526752018804,PGA Championship Winner,40000.0,40000.0,draftkings,0.00292496010126705,0.009839526752018804,0.6914566650751754,0.37
Victor Perez,us_open,0.009076917012352198,US Open Winner,,25000.0,betmgm,0.002499139039073512,0.009076917012352198,0.6577777973278686,0.26
Thriston Lawrence,masters,0.00762785157953567,Masters Tournament Winner,,50000.0,bovada,0.0011807388135941133,0.00762785157953567,0.6447112765941556,0.28
Nick Taylor,open,0.008460363190261173,The Open Winner,25000.0,25000.0,betmgm,0.002641216947869085,0.008460363190261173,0.5819146242392088,0.22
Victor Perez,open,0.009814499086835897,The Open Winner,,15000.0,betmgm,0.004130682495024534,0.009814499086835897,0.5683816591811364,0.16
Keegan Bradley,open,0.01320383054941653,The Open Winner,10000.0,10000.0,lowvig,0.007598584424769027,0.01320383054941653,0.5605246124647503,0.17
Ryo Hisatsune,us_open,0.006966472102153193,US Open Winner,45000.0,45000.0,draftkings,0.0013940178587709632,0.006966472102153193,0.557245424338223,0.24
Jesper Svensson,open,0.006559551807682123,The Open Winner,50000.0,50000.0,draftkings,0.0013346671088810193,0.006559551807682123,0.5224884698801103,0.23
Min Woo Lee,masters,0.0145829994124244,Masters Tournament Winner,5500.0,7000.0,bovada,0.00961195755569313,0.0145829994124244,0.497104185673127,0.03
Max Greyserman,open,0.008919823749768723,The Open Winner,15000.0,20000.0,espnbet,0.003973843103210082,0.008919823749768723,0.4945980646558641,0.2
Christiaan Bezuidenhout,pga_champ,0.0062790249735384185,PGA Championship Winner,40000.0,40000.0,draftkings,0.0021232046713943052,0.0062790249735384185,0.4155820302144113,0.19
Tom Hoge,open,0.00629178836102175,The Open Winner,50000.0,50000.0,draftkings,0.002236492446946348,0.00629178836102175,0.40552959140754025,0.22
Matt McCarty,us_open,0.007229710205675494,US Open Winner,40000.0,40000.0,draftkings,0.003200758827452868,0.007229710205675494,0.4028951378222626,0.24
Matt Wallace,pga_champ,0.006070677462795381,PGA Championship Winner,40000.0,40000.0,draftkings,0.0021232046713943052,0.006070677462795381,0.39474727914010754,0.18
Beau Hossler,pga_champ,0.0051888405570499245,PGA Championship Winner,45000.0,45000.0,draftkings,0.0014236061455199938,0.0051888405570499245,0.3765234411529931,0.15
Ryo Hisatsune,pga_champ,0.005928986554425654,PGA Championship Winner,45000.0,45000.0,draftkings,0.002165603431143789,0.005928986554425654,0.3763383123281865,0.19
Justin Thomas,us_open,0.022689235334220226,US Open Winner,3500.0,4000.0,betonlineag,0.01893286241427594,0.022689235334220226,0.37563729199442847,0.0
Maverick McNealy,open,0.011211641836582846,The Open Winner,12500.0,12500.0,draftkings,0.007707221515292523,0.011211641836582846,0.3504420321290323,0.17
Michael Thorbjornsen,pga_champ,0.008056307540420271,PGA Championship Winner,,15000.0,lowvig,0.004828489481285471,0.008056307540420271,0.32278180591348005,0.07
Max Greyserman,us_open,0.007127102368688592,US Open Winner,20000.0,20000.0,betonlineag,0.003928815929558652,0.007127102368688592,0.31982864391299404,0.11
Tommy Fleetwood,pga_champ,0.031928265686822103,PGA Championship Winner,1800.0,3000.0,fanduel,0.029025428800151083,0.031928265686822103,0.290283688667102,0.0
Beau Hossler,us_open,0.004216032742440256,US Open Winner,45000.0,45000.0,draftkings,0.0013940178587709632,0.004216032742440256,0.28220148836692927,0.1
Nick Taylor,us_open,0.006982544865756881,US Open Winner,30000.0,30000.0,draftkings,0.004211490423244535,0.006982544865756881,0.2771054442512346,0.18
Keegan Bradley,pga_champ,0.009312288121504263,PGA Championship Winner,11000.0,11000.0,draftkings,0.006628804600942502,0.009312288121504263,0.2683483520561762,0.02
Michael Thorbjornsen,open,0.006801424060689735,The Open Winner,,15000.0,betmgm,0.004130682495024534,0.006801424060689735,0.2670741565665201,0.01
Christiaan Bezuidenhout,us_open,0.0049761374507171045,US Open Winner,25000.0,25000.0,betmgm,0.0025021105996773777,0.0049761374507171045,0.24740268510397267,0.05
Matt Wallace,open,0.00611557637673513,The Open Winner,30000.0,30000.0,draftkings,0.0036669305510677297,0.00611557637673513,0.24486458256674004,0.14
Sam Burns,open,0.012079046612363961,The Open Winner,7000.0,8000.0,lowvig,0.009726578700385718,0.012079046612363961,0.23524679119782432,0.0
Sam Burns,us_open,0.013666337781693003,US Open Winner,5500.0,8000.0,betonlineag,0.011384950480150011,0.013666337781693003,0.22813873015429914,0.07
Michael Thorbjornsen,us_open,0.005964636195182811,US Open Winner,,20000.0,betonlineag,0.00371857801576677,0.005964636195182811,0.22460581794160406,0.05
Patrick Rodgers,us_open,0.004302243174050608,US Open Winner,30000.0,30000.0,draftkings,0.0020888260382666396,0.004302243174050608,0.22134171357839683,0.05
Matt Wallace,us_open,0.004510679338114825,US Open Winner,40000.0,40000.0,draftkings,0.0023444894110356608,0.004510679338114825,0.21661899270791646,0.1
Nick Taylor,masters,0.005587066514636187,Masters Tournament Winner,25000.0,25000.0,bovada,0.0035546974269457057,0.005587066514636187,0.20323690876904812,0.08
Christiaan Bezuidenhout,open,0.005814519695351527,The Open Winner,25000.0,25000.0,draftkings,0.0038070963784147434,0.005814519695351527,0.20074233169367836,0.09
Tom Hoge,masters,0.004363696687631008,Masters Tournament Winner,,25000.0,bovada,0.002356745207093661,0.004363696687631008,0.20069514805373467,0.02
Tom Hoge,pga_champ,0.0043147737956165675,PGA Championship Winner,25000.0,25000.0,bovada,0.002426859514067471,0.0043147737956165675,0.18879142815490965,0.02
Beau Hossler,open,0.004804984172248567,The Open Winner,,20000.0,betmgm,0.003102845449606984,0.004804984172248567,0.1702138722641583,0.0
Christiaan Bezuidenhout,masters,0.004306156518244356,Masters Tournament Winner,,20000.0,bovada,0.002942973746307973,0.004306156518244356,0.13631827719363826,0.0
Harris English,us_open,0.008647094640733585,US Open Winner,8000.0,12500.0,betonlineag,0.007381237628964844,0.008647094640733585,0.1265857011768741,0.04
Nick Taylor,pga_champ,0.005112921936210874,PGA Championship Winner,30000.0,30000.0,draftkings,0.003950196419408891,0.005112921936210874,0.1162725516801983,0.09
Sam Burns,pga_champ,0.01018985741063062,PGA Championship Winner,8000.0,8000.0,bovada,0.009078541140053175,0.01018985741063062,0.11113162705774451,0.0
Jacob Bridgeman,us_open,0.0036377004707642377,US Open Winner,30000.0,30000.0,draftkings,0.0025558915912300205,0.0036377004707642377,0.10818088795342172,0.02
Ryan Gerard,pga_champ,0.004352940364772923,PGA Championship Winner,25000.0,25000.0,bovada,0.0032933501696931337,0.004352940364772923,0.10595901950797895,0.02
Keegan Bradley,us_open,0.007043236273952826,US Open Winner,10000.0,13500.0,betonlineag,0.0062862774680756345,0.007043236273952826,0.07569588058771917,0.0
Maverick McNealy,us_open,0.008010446429447236,US Open Winner,9000.0,13500.0,betonlineag,0.007286926323656763,0.008010446429447236,0.07235201057904728,0.03
Patrick Rodgers,pga_champ,0.003148767385049473,PGA Championship Winner,30000.0,30000.0,draftkings,0.0025033939692181324,0.003148767385049473,0.06453734158313405,0.0
Mackenzie Hughes,open,0.003347747880544021,The Open Winner,50000.0,50000.0,draftkings,0.002844599068064363,0.003347747880544021,0.05031488124796579,0.07
Tom Hoge,us_open,0.0031627787927899632,US Open Winner,25000.0,35000.0,betonlineag,0.0026913385785245813,0.0031627787927899632,0.047144021426538195,0.02
Jacob Bridgeman,open,0.002665153057135042,The Open Winner,,27500.0,espnbet,0.0022719647823510416,0.002665153057135042,0.03931882747840003,0.0
Stephan Jaeger,open,0.0032690506080806326,The Open Winner,40000.0,40000.0,draftkings,0.0029555984368390374,0.0032690506080806326,0.031345217124159525,0.04
Jacob Bridgeman,pga_champ,0.002878064480103455,PGA Championship Winner,30000.0,30000.0,draftkings,0.002693655175471634,0.002878064480103455,0.018440930463182105,0.0
Keith Mitchell,us_open,0.0044872678082534,US Open Winner,15000.0,20000.0,betonlineag,0.004315327220539537,0.0044872678082534,0.01719405877138626,0.0
Denny McCarthy,open,0.004273786794667199,The Open Winner,,20000.0,espnbet,0.004115449982301647,0.004273786794667199,0.01583368123655518,0.0
Chris Kirk,open,0.002516181555670756,The Open Winner,35000.0,35000.0,draftkings,0.0025039444164873656,0.002516181555670756,0.001223713918339052,0.0
William Mouw,pga_champ,0.003054363474821977,PGA Championship Winner,,20000.0,espnbet,0.003098653658342136,0.003054363474821977,-0.004429018352015892,0.0
Eric Cole,pga_champ,0.0020460620825607247,PGA Championship Winner,30000.0,30000.0,draftkings,0.0022070137555731577,0.0020460620825607247,-0.0160951673012433,0.0
Jacob Bridgeman,masters,0.002910697300371748,Masters Tournament Winner,20000.0,25000.0,espnbet,0.0031672244680741456,0.002910697300371748,-0.025652716770239743,0.0
Chris Kirk,pga_champ,0.002028636439286475,PGA Championship Winner,30000.0,30000.0,draftkings,0.0022919470940341584,0.002028636439286475,-0.026331065474768326,0.0
Ryan Gerard,open,0.0036382396015067616,The Open Winner,,17500.0,lowvig,0.0039177605872337,0.0036382396015067616,-0.027952098572693856,0.0
Keith Mitchell,open,0.0032875866535646103,The Open Winner,,20000.0,lowvig,0.003605381674638876,0.0032875866535646103,-0.03177950210742657,0.0
Garrick Higgo,us_open,0.000997405188917809,US Open Winner,45000.0,45000.0,draftkings,0.0013940178587709632,0.000997405188917809,-0.03966126698531543,0.0
Ryan Gerard,masters,0.0039734356561101376,Masters Tournament Winner,11000.0,30000.0,espnbet,0.004479861150353313,0.0039734356561101376,-0.05064254942431755,0.03
Eric Cole,us_open,0.0016374192242651503,US Open Winner,35000.0,35000.0,draftkings,0.002145274724687517,0.0016374192242651503,-0.05078555004223667,0.0
Taylor Pendrith,open,0.0039939216299663275,The Open Winner,20000.0,20000.0,draftkings,0.004517693689054127,0.0039939216299663275,-0.052377205908779936,0.0
Laurie Canter,open,0.0016339049856227937,The Open Winner,40000.0,40000.0,draftkings,0.002171483354991978,0.0016339049856227937,-0.05375783693691845,0.0
Adam Schenk,masters,0.0007906105640871103,Masters Tournament Winner,,40000.0,bovada,0.001475331964480821,0.0007906105640871103,-0.06847214003937108,0.0
Laurie Canter,pga_champ,0.0010385619542349542,PGA Championship Winner,35000.0,35000.0,draftkings,0.0017418375438439894,0.0010385619542349542,-0.07032755896090352,0.0
Stephan Jaeger,us_open,0.002384564514030024,US Open Winner,20000.0,20000.0,betmgm,0.0031244980505509426,0.002384564514030024,-0.07399335365209188,0.0
Chris Kirk,us_open,0.0015420514076490272,US Open Winner,30000.0,30000.0,draftkings,0.0022939825386700755,0.0015420514076490272,-0.07519311310210483,0.0
Keith Mitchell,pga_champ,0.0035502225088182085,PGA Championship Winner,15000.0,25000.0,lowvig,0.004337955810070527,0.0035502225088182085,-0.07877333012523188,0.0
Austin Eckroat,pga_champ,0.0012147703721529536,PGA Championship Winner,40000.0,40000.0,draftkings,0.0021232046713943052,0.0012147703721529536,-0.09084342992413516,0.0
Denny McCarthy,pga_champ,0.0041328445734090825,PGA Championship Winner,15000.0,17500.0,lowvig,0.005104983581239642,0.0041328445734090825,-0.09721390078305595,0.0
Taylor Pendrith,pga_champ,0.0037743650217173133,PGA Championship Winner,14000.0,15000.0,bovada,0.004746513812969733,0.0037743650217173133,-0.09721487912524199,0.0
Adam Scott,pga_champ,0.004709034144670877,PGA Championship Winner,12000.0,12500.0,bovada,0.005686888387532982,0.004709034144670877,-0.09778542428621048,0.0
Mackenzie Hughes,us_open,0.002357289471723147,US Open Winner,20000.0,20000.0,draftkings,0.003346246456753876,0.002357289471723147,-0.09889569850307289,0.0
Denny McCarthy,us_open,0.0029517846051504266,US Open Winner,15000.0,22500.0,betonlineag,0.00395305807823508,0.0029517846051504266,-0.1001273473084653,0.0
Adam Scott,masters,0.004190934972795349,Masters Tournament Winner,12000.0,15000.0,bovada,0.005219367767160065,0.004190934972795349,-0.10284327943647156,0.0
Ben Griffin,us_open,0.012252008215804284,US Open Winner,5000.0,5000.0,betonlineag,0.013284060845092106,0.012252008215804284,-0.10320526292878218,0.0
Stephan Jaeger,masters,0.0019080035724027855,Masters Tournament Winner,,20000.0,bovada,0.002942973746307973,0.0019080035724027855,-0.10349701739051877,0.0
Chris Kirk,masters,0.0018750665334783347,Masters Tournament Winner,,20000.0,bovada,0.002942973746307973,0.0018750665334783347,-0.10679072128296384,0.0
Laurie Canter,us_open,0.001312679870779864,US Open Winner,35000.0,35000.0,draftkings,0.002435560053325716,0.001312679870779864,-0.1122880182545852,0.0
Tommy Fleetwood,open,0.036068267891461774,The Open Winner,1400.0,2000.0,betrivers,0.037202367322025844,0.036068267891461774,-0.113409943056407,0.0
Eric Cole,open,0.0019312002163414453,The Open Winner,,20000.0,betmgm,0.003102845449606984,0.0019312002163414453,-0.11716452332655386,0.0
Andrew Novak,masters,0.0024828456763253065,Masters Tournament Winner,20000.0,25000.0,espnbet,0.0036858581398528955,0.0024828456763253065,-0.12030124635275889,0.0
Sepp Straka,pga_champ,0.00993802532357763,PGA Championship Winner,7000.0,7000.0,draftkings,0.011153825252882088,0.00993802532357763,-0.1215799929304458,0.0
Karl Vilips,us_open,0.0005067404014140832,US Open Winner,35000.0,35000.0,draftkings,0.001791410410301522,0.0005067404014140832,-0.12846700088874388,0.0
Erik van Rooyen,open,0.0011505597038308283,The Open Winner,,25000.0,betmgm,0.0024847711097958237,0.0011505597038308283,-0.13342114059649954,0.0
Karl Vilips,pga_champ,0.00040092128575853857,PGA Championship Winner,35000.0,35000.0,draftkings,0.0017418375438439894,0.00040092128575853857,-0.13409162580854508,0.0
Erik van Rooyen,pga_champ,0.001062121913944979,PGA Championship Winner,25000.0,25000.0,betmgm,0.0024093823856231266,0.001062121913944979,-0.13472604716781475,0.0
Ryan Gerard,us_open,0.0021735202272379173,US Open Winner,25000.0,25000.0,draftkings,0.003529980968902781,0.0021735202272379173,-0.13564607416648639,0.0
Davis Riley,masters,0.0013175438477669866,Masters Tournament Winner,30000.0,30000.0,draftkings,0.002694843793262876,0.0013175438477669866,-0.13772999454958895,0.0
Davis Riley,open,0.0010892545784471246,The Open Winner,,25000.0,espnbet,0.0024915585735132235,0.0010892545784471246,-0.1402303995066099,0.0
Jake Knapp,pga_champ,0.002284273593929689,PGA Championship Winner,20000.0,20000.0,draftkings,0.0036985557978350824,0.002284273593929689,-0.14142822039053932,0.0
Mackenzie Hughes,pga_champ,0.0020251993200870394,PGA Championship Winner,20000.0,30000.0,lowvig,0.0034398622485958793,0.0020251993200870394,-0.14146629285088397,0.0
Martin Couvra,open,0.0002795284034484223,The Open Winner,50000.0,50000.0,draftkings,0.0018033159456160306,0.0002795284034484223,-0.15237875421676084,0.0
Gary Woodland,us_open,0.001928501210757491,US Open Winner,20000.0,20000.0,espnbet,0.0034541620677243224,0.001928501210757491,-0.15256608569668315,0.0
Michael Brennan,masters,0.0018360722294345712,Masters Tournament Winner,40000.0,40000.0,draftkings,0.0033801093245646417,0.0018360722294345712,-0.15440370951300705,0.0
Bud Cauley,open,0.0016686444656074926,The Open Winner,20000.0,20000.0,betmgm,0.003214741579183019,0.0016686444656074926,-0.15460971135755264,0.0
Joe Highsmith,open,0.0005209146591393738,The Open Winner,,30000.0,betmgm,0.002071889966551638,0.0005209146591393738,-0.15509753074122645,0.0
Stephan Jaeger,pga_champ,0.0018866122935358523,PGA Championship Winner,20000.0,20000.0,bovada,0.003438396193330926,0.0018866122935358523,-0.1551783899795074,0.0
Denny McCarthy,masters,0.002563607251681817,Masters Tournament Winner,,15000.0,espnbet,0.0041329530561777855,0.002563607251681817,-0.15693458044959682,0.0
Adrien Saddier,open,0.0002304346036969434,The Open Winner,50000.0,50000.0,draftkings,0.0018033159456160306,0.0002304346036969434,-0.1572881341919087,0.0
Austin Eckroat,us_open,0.0006571600995656599,US Open Winner,40000.0,40000.0,draftkings,0.0023444894110356608,0.0006571600995656599,-0.16873293114700008,0.0
Jordan Smith,open,0.00240056881680719,The Open Winner,25000.0,25000.0,draftkings,0.004090933959380989,0.00240056881680719,-0.16903651425737992,0.0
Aldrich Potgieter,masters,0.0010787805798804621,Masters Tournament Winner,25000.0,25000.0,betrivers,0.002771310161123397,0.0010787805798804621,-0.1692529581242935,0.0
Erik van Rooyen,us_open,0.0007782952727416396,US Open Winner,25000.0,25000.0,betmgm,0.0025021105996773777,0.0007782952727416396,-0.1723815326935738,0.0
Joe Highsmith,us_open,0.00031861639660459376,US Open Winner,,30000.0,betmgm,0.002083870453765614,0.00031861639660459376,-0.17652540571610204,0.0
Aldrich Potgieter,open,0.0015188929573200767,The Open Winner,20000.0,20000.0,draftkings,0.003326637708759054,0.0015188929573200767,-0.18077447514389772,0.0
Sahith Theegala,open,0.0023615915158626765,The Open Winner,20000.0,20000.0,draftkings,0.004205772926342229,0.0023615915158626765,-0.1844181410479552,0.0
Robert MacIntyre,pga_champ,0.008835659401960023,PGA Championship Winner,6600.0,8000.0,fanduel,0.010679920805367015,0.008835659401960023,-0.18442614034069915,0.0
Jhonattan Vegas,masters,0.00010862855333875041,Masters Tournament Winner,,30000.0,bovada,0.001965137444268359,0.00010862855333875041,-0.18565088909296087,0.0
Davis Riley,pga_champ,0.00117627199819762,PGA Championship Winner,20000.0,20000.0,bovada,0.003047559890957083,0.00117627199819762,-0.18712878927594628,0.0
Joe Highsmith,pga_champ,0.0005701862112626845,PGA Championship Winner,,25000.0,bovada,0.002442077553677001,0.0005701862112626845,-0.18718913424143163,0.0
Andrew Novak,open,0.002273394675498473,The Open Winner,25000.0,25000.0,draftkings,0.004151753826555736,0.002273394675498473,-0.18783591510572634,0.0
Shane Lowry,pga_champ,0.010035544912935696,PGA Championship Winner,6000.0,6000.0,lowvig,0.011920432649991649,0.010035544912935696,-0.18848877370559527,0.0
Laurie Canter,masters,0.0010503376478736243,Masters Tournament Winner,,20000.0,bovada,0.002942973746307973,0.0010503376478736243,-0.18926360984343488,0.0
Gary Woodland,pga_champ,0.001867369342205174,PGA Championship Winner,20000.0,20000.0,espnbet,0.003772409774667435,0.001867369342205174,-0.19050404324622608,0.0
Tommy Fleetwood,masters,0.030664359025941324,Masters Tournament Winner,1600.0,2000.0,espnbet,0.03260919529300101,0.030664359025941324,-0.19448362670596886,0.0
Jhonattan Vegas,open,0.00020117468110862667,The Open Winner,50000.0,50000.0,draftkings,0.0022187562792440017,0.00020117468110862667,-0.2017581598135375,0.0
Adam Schenk,pga_champ,0.00042916440039930285,PGA Championship Winner,,25000.0,espnbet,0.002481414306499511,0.00042916440039930285,-0.20522499061002084,0.0
Bud Cauley,us_open,0.0015609304854906204,US Open Winner,20000.0,20000.0,draftkings,0.0036413882534115285,0.0015609304854906204,-0.20804577679209083,0.0
Gary Woodland,open,0.0015128531464047626,The Open Winner,,20000.0,betmgm,0.0035995650476560353,0.0015128531464047626,-0.20867119012512725,0.0
Byeong Hun An,masters,0.001323833042243774,Masters Tournament Winner,,25000.0,espnbet,0.0034435474950461993,0.001323833042243774,-0.21197144528024253,0.0
Will Zalatoris,pga_champ,0.004065749484898246,PGA Championship Winner,11000.0,12500.0,espnbet,0.006236893975757593,0.004065749484898246,-0.2171144490859347,0.0
Garrick Higgo,pga_champ,0.0007891239175863602,PGA Championship Winner,35000.0,35000.0,draftkings,0.003002508983922368,0.0007891239175863602,-0.22133850663360077,0.0
Brian Harman,us_open,0.0015487213591336617,US Open Winner,15000.0,25000.0,betonlineag,0.003772647488668465,0.0015487213591336617,-0.2223926129534803,0.0
Si Woo Kim,pga_champ,0.007660845082626553,PGA Championship Winner,8000.0,8000.0,draftkings,0.009885064199988653,0.007660845082626553,-0.22242191173621004,0.0
Thomas Detry,pga_champ,0.0018521842240560868,PGA Championship Winner,20000.0,20000.0,draftkings,0.004079887568168587,0.0018521842240560868,-0.22277033441125,0.0
Haotong Li,masters,0.0008611453491735747,Masters Tournament Winner,25000.0,25000.0,bovada,0.0030999516281094166,0.0008611453491735747,-0.22388062789358418,0.0
Sungjae Im,us_open,0.003874615178380567,US Open Winner,10000.0,15000.0,betonlineag,0.0061303801557132664,0.003874615178380567,-0.22557649773326996,0.0
Thomas Detry,open,0.0017151646466735636,The Open Winner,25000.0,25000.0,draftkings,0.004000423663369689,0.0017151646466735636,-0.2285259016696126,0.0
Ryan Fox,pga_champ,0.0018521075523365228,PGA Championship Winner,,17500.0,lowvig,0.004139097736996655,0.0018521075523365228,-0.22869901846601323,0.0
Kristoffer Reitan,masters,0.0013401968073496683,Masters Tournament Winner,30000.0,30000.0,draftkings,0.0036429504432927444,0.0013401968073496683,-0.2302753635943076,0.0
Davis Thompson,open,0.0015783079682512207,The Open Winner,25000.0,25000.0,draftkings,0.0039012176286164746,0.0015783079682512207,-0.2322909660365254,0.0
Will Zalatoris,us_open,0.004370526733545483,US Open Winner,11000.0,12500.0,betonlineag,0.006726653710682198,0.004370526733545483,-0.23561269771367155,0.0
Taylor Pendrith,masters,0.001401275341389649,Masters Tournament Winner,15000.0,25000.0,espnbet,0.0038130728320832576,0.001401275341389649,-0.24117974906936085,0.0
Austin Eckroat,masters,0.00052582507633344,Masters Tournament Winner,,20000.0,bovada,0.002942973746307973,0.00052582507633344,-0.24171486699745334,0.0
Kristoffer Reitan,us_open,0.0016749369837907784,US Open Winner,,15000.0,espnbet,0.00409988287817597,0.0016749369837907784,-0.2424945894385192,0.0
John Parry,open,0.0006859862176592286,The Open Winner,,20000.0,espnbet,0.0031197970720939646,0.0006859862176592286,-0.2433810854434736,0.0
Bud Cauley,pga_champ,0.0012349720990792253,PGA Championship Winner,20000.0,20000.0,draftkings,0.0036985557978350824,0.0012349720990792253,-0.2463583698755857,0.0
Jhonattan Vegas,us_open,0.00014096057569636054,US Open Winner,30000.0,30000.0,draftkings,0.002604806683715489,0.00014096057569636054,-0.24638461080191285,0.0
Michael Brennan,open,0.0016811825519518373,The Open Winner,,15000.0,espnbet,0.004153249448940367,0.0016811825519518373,-0.24720668969885295,0.0
Michael Kim,open,0.0006525776327895093,The Open Winner,20000.0,25000.0,betmgm,0.0031248539923583534,0.0006525776327895093,-0.2472276359568844,0.0
Aldrich Potgieter,pga_champ,0.0016402329531653255,PGA Championship Winner,,15000.0,espnbet,0.004125102146572857,0.0016402329531653255,-0.2484869193407532,0.0
Davis Riley,us_open,0.0007439213469440963,US Open Winner,20000.0,25000.0,betmgm,0.003243100180974278,0.0007439213469440963,-0.2499178834030182,0.0
Will Zalatoris,open,0.0038321685979315237,The Open Winner,,13500.0,lowvig,0.006358956437545402,0.0038321685979315237,-0.2526787839613878,0.0
Lucas Glover,pga_champ,0.0004913455260179624,PGA Championship Winner,20000.0,20000.0,bovada,0.003030528635162065,0.0004913455260179624,-0.25391831091441025,0.0
Byeong Hun An,open,0.000999235848899579,The Open Winner,30000.0,30000.0,draftkings,0.00353895210977428,0.000999235848899579,-0.25397162608747015,0.0
Joe Highsmith,masters,0.0004006143966688771,Masters Tournament Winner,,20000.0,bovada,0.002942973746307973,0.0004006143966688771,-0.2542359349639096,0.0
Lucas Glover,open,0.0005051375983867334,The Open Winner,30000.0,30000.0,draftkings,0.0030743666767030784,0.0005051375983867334,-0.25692290783163446,0.0
Andrew Novak,us_open,0.0014004432683929206,US Open Winner,18000.0,20000.0,betonlineag,0.003971885431738484,0.0014004432683929206,-0.25714421633455636,0.0
Billy Horschel,pga_champ,0.0004616457976290225,PGA Championship Winner,20000.0,20000.0,draftkings,0.0030416433066422772,0.0004616457976290225,-0.2579997509013255,0.0
Tom McKibbin,pga_champ,0.0001641463231491516,PGA Championship Winner,25000.0,25000.0,draftkings,0.002754968887824779,0.0001641463231491516,-0.2590822564675627,0.0
Thomas Detry,us_open,0.0012129824325578338,US Open Winner,20000.0,22500.0,betonlineag,0.00380502396319838,0.0012129824325578338,-0.2592041530640546,0.0
Jhonattan Vegas,pga_champ,0.00019421019680235693,PGA Championship Winner,30000.0,30000.0,draftkings,0.0027949047961892595,0.00019421019680235693,-0.2600694599386903,0.0
Jake Knapp,open,0.0012278283136062029,The Open Winner,,17500.0,espnbet,0.003846917826772358,0.0012278283136062029,-0.2619089513166155,0.0
Brian Harman,masters,0.0018178686497653152,Masters Tournament Winner,10000.0,17500.0,betmgm,0.0044614570007921895,0.0018178686497653152,-0.26435883510268743,0.0
Sahith Theegala,pga_champ,0.002070518489737011,PGA Championship Winner,13000.0,25000.0,lowvig,0.004717261258938814,0.002070518489737011,-0.26467427692018036,0.0
Max Homa,open,0.002513521206292824,The Open Winner,,15000.0,lowvig,0.005174720970315368,0.002513521206292824,-0.2661199764022544,0.0
Byeong Hun An,pga_champ,0.001182375088537847,PGA Championship Winner,12000.0,25000.0,lowvig,0.003911133139364952,0.001182375088537847,-0.2728758050827105,0.0
Davis Thompson,us_open,0.0015586066368507236,US Open Winner,17000.0,17500.0,betonlineag,0.004287506256333754,0.0015586066368507236,-0.272889961948303,0.0
Lucas Glover,masters,0.000201803161523227,Masters Tournament Winner,,20000.0,bovada,0.002942973746307973,0.000201803161523227,-0.2741170584784746,0.0
Lucas Glover,us_open,0.0002522074197069536,US Open Winner,20000.0,35000.0,betonlineag,0.0030240149516011752,0.0002522074197069536,-0.27718075318942215,0.0
Harry Hall,us_open,0.0006727098759473858,US Open Winner,35000.0,35000.0,draftkings,0.0034966034109793083,0.0006727098759473858,-0.2823893535031923,0.0
Thomas Detry,masters,0.0009705649819768423,Masters Tournament Winner,,20000.0,betrivers,0.0038622603915938096,0.0009705649819768423,-0.2891695409616967,0.0
Billy Horschel,us_open,0.00021137044993446526,US Open Winner,20000.0,20000.0,draftkings,0.0031282087719375472,0.00021137044993446526,-0.2916838322003082,0.0
Sam Burns,masters,0.006203962527448352,Masters Tournament Winner,6000.0,10000.0,bovada,0.009232894511468833,0.006203962527448352,-0.3028931984020481,0.0
Andrew Novak,pga_champ,0.001107998324643502,PGA Championship Winner,18000.0,18000.0,draftkings,0.004146250976562026,0.001107998324643502,-0.30382526519185243,0.0
Harry Hall,pga_champ,0.0009907919393489324,PGA Championship Winner,15000.0,15000.0,bovada,0.004034410281543389,0.0009907919393489324,-0.3043618342194456,0.0
Michael Kim,us_open,0.000420901162630079,US Open Winner,15000.0,30000.0,betonlineag,0.0034769950083729712,0.000420901162630079,-0.3056093845742892,0.0
Sungjae Im,pga_champ,0.004999584519246626,PGA Championship Winner,8000.0,10000.0,lowvig,0.008060118767558693,0.004999584519246626,-0.30605342483120673,0.0
Keita Nakajima,open,0.0004810900932785954,The Open Winner,,17500.0,espnbet,0.0035631531585201826,0.0004810900932785954,-0.3082063065241587,0.0
Sepp Straka,masters,0.005627066199797121,Masters Tournament Winner,7000.0,8000.0,bovada,0.008721107067095281,0.005627066199797121,-0.30940408672981606,0.0
Shane Lowry,masters,0.00941815893304752,Masters Tournament Winner,5500.0,6000.0,espnbet,0.012528341016915598,0.00941815893304752,-0.3110182083868077,0.0
Sungjae Im,masters,0.005510264442544852,Masters Tournament Winner,9000.0,10000.0,espnbet,0.008626717570078222,0.005510264442544852,-0.3116453127533369,0.0
Sungjae Im,open,0.002838728084094659,The Open Winner,15000.0,15000.0,draftkings,0.005964523277762759,0.002838728084094659,-0.31257951936681,0.0
Austin Eckroat,open,0.0009483415248106822,The Open Winner,,15000.0,betmgm,0.004130682495024534,0.0009483415248106822,-0.31823409702138516,0.0
Hideki Matsuyama,pga_champ,0.01176561320416012,PGA Championship Winner,4000.0,5000.0,bovada,0.015047219710882222,0.01176561320416012,-0.3281606506722101,0.0
Kristoffer Reitan,open,0.0012271388089082314,The Open Winner,40000.0,40000.0,draftkings,0.004521360044676903,0.0012271388089082314,-0.3294221235768672,0.0
Byeong Hun An,us_open,0.0009294323528300586,US Open Winner,12000.0,17500.0,fanduel,0.004296933055597958,0.0009294323528300586,-0.33675007027678994,0.0
Jake Knapp,us_open,0.0016758780973068258,US Open Winner,20000.0,20000.0,draftkings,0.005093837704611219,0.0016758780973068258,-0.3417959607304393,0.0
Tom McKibbin,us_open,0.00014370140892987427,US Open Winner,25000.0,25000.0,draftkings,0.0035978816067178524,0.00014370140892987427,-0.3454180197787978,0.0
Si Woo Kim,open,0.0070941164916034785,The Open Winner,8000.0,8000.0,betmgm,0.010563839364516063,0.0070941164916034785,-0.3469722872912585,0.0
Brian Harman,pga_champ,0.0017974879042609371,PGA Championship Winner,15000.0,15000.0,lowvig,0.005271867103215026,0.0017974879042609371,-0.3474379198954089,0.0
Ryan Fox,masters,0.0017426012847853738,Masters Tournament Winner,12000.0,15000.0,espnbet,0.005217278447375262,0.0017426012847853738,-0.34746771625898887,0.0
Rickie Fowler,pga_champ,0.0005527210646991536,PGA Championship Winner,17000.0,17500.0,lowvig,0.004068633385631974,0.0005527210646991536,-0.351591232093282,0.0
Daniel Berger,open,0.0016670649254686937,The Open Winner,15000.0,17500.0,lowvig,0.005208117285940732,0.0016670649254686937,-0.35410523604720384,0.0
Michael Kim,pga_champ,0.000333007265313788,PGA Championship Winner,15000.0,20000.0,lowvig,0.003923871559154601,0.000333007265313788,-0.3590864293840813,0.0
Si Woo Kim,masters,0.0063413544500981025,Masters Tournament Winner,6000.0,6600.0,betrivers,0.009935693062479392,0.0063413544500981025,-0.359433861238129,0.0
Sahith Theegala,us_open,0.0014112316605527574,US Open Winner,13000.0,20000.0,betonlineag,0.005006010202981997,0.0014112316605527574,-0.35947785424292394,0.0
Max Homa,us_open,0.0016431632917375532,US Open Winner,10000.0,16500.0,betonlineag,0.005247732407557879,0.0016431632917375532,-0.3604569115820326,0.0
Davis Thompson,pga_champ,0.0011337145634762126,PGA Championship Winner,17000.0,17000.0,draftkings,0.0047529375586265405,0.0011337145634762126,-0.36192229951503274,0.0
Daniel Berger,masters,0.0008208917142950779,Masters Tournament Winner,,15000.0,espnbet,0.004449232462853369,0.0008208917142950779,-0.36283407485582914,0.0
Davis Thompson,masters,0.001247115359464931,Masters Tournament Winner,14000.0,15000.0,espnbet,0.004887183565523103,0.001247115359464931,-0.3640068206058172,0.0
Michael Kim,masters,0.0003345266928066813,Masters Tournament Winner,20000.0,20000.0,draftkings,0.004020828457090984,0.0003345266928066813,-0.36863017642843027,0.0
Carlos Ortiz,masters,0.00012640361719536413,Masters Tournament Winner,15000.0,20000.0,espnbet,0.0038279581143142085,0.00012640361719536413,-0.37015544971188447,0.0
Taylor Pendrith,us_open,0.0017512710677240165,US Open Winner,14000.0,15000.0,betonlineag,0.005485268503055389,0.0017512710677240165,-0.3733997435331372,0.0
Adam Scott,us_open,0.0034317355136951797,US Open Winner,10000.0,10000.0,betonlineag,0.007226206809619747,0.0034317355136951797,-0.37944712959245674,0.0
Billy Horschel,masters,0.00016912755817780572,Masters Tournament Winner,,25000.0,espnbet,0.003972849991261315,0.00016912755817780572,-0.3803722433083509,0.0
Billy Horschel,open,0.0001663800794485893,The Open Winner,,15000.0,espnbet,0.004153249448940367,0.0001663800794485893,-0.3986869369491778,0.0
Akshay Bhatia,open,0.002357123005478811,The Open Winner,20000.0,20000.0,draftkings,0.0063637844330747765,0.002357123005478811,-0.40066614275959656,0.0
Harry Hall,masters,0.0010851592082050492,Masters Tournament Winner,13000.0,13000.0,draftkings,0.005196062528611917,0.0010851592082050492,-0.4110903320406868,0.0
Aaron Rai,masters,0.000656700144410718,Masters Tournament Winner,13000.0,15000.0,espnbet,0.00481196806968811,0.000656700144410718,-0.41552679252773916,0.0
Ryan Fox,us_open,0.0012687118987836027,US Open Winner,,20000.0,betonlineag,0.005448285953500394,0.0012687118987836027,-0.4179574054716791,0.0
Carlos Ortiz,open,0.00024615362951167145,The Open Winner,20000.0,20000.0,draftkings,0.00446259784491424,0.00024615362951167145,-0.4216444215402568,0.0
Haotong Li,open,0.0007741476594779113,The Open Winner,,15000.0,lowvig,0.005096123473345122,0.0007741476594779113,-0.43219758138672104,0.0
Aaron Rai,us_open,0.0003673872375491964,US Open Winner,15000.0,17500.0,betonlineag,0.004700266844540109,0.0003673872375491964,-0.4332879606990912,0.0
Michael Brennan,pga_champ,0.0018154873973893115,PGA Championship Winner,,10000.0,espnbet,0.006166787913818188,0.0018154873973893115,-0.4351300516428876,0.0
Michael Brennan,us_open,0.001733953254313197,US Open Winner,,10000.0,espnbet,0.006129086573579991,0.001733953254313197,-0.4395133319266794,0.0
Justin Rose,pga_champ,0.012744456974808483,PGA Championship Winner,4500.0,4500.0,betmgm,0.017144265147469008,0.012744456974808483,-0.4399808172660525,0.0
Hideki Matsuyama,us_open,0.011570935550731768,US Open Winner,5000.0,5000.0,betmgm,0.016047921480685682,0.011570935550731768,-0.44769859299539133,0.0
Rickie Fowler,us_open,0.0004069904845907261,US Open Winner,20000.0,20000.0,draftkings,0.004929191527497718,0.0004069904845907261,-0.45222010429069914,0.0
Si Woo Kim,us_open,0.005203919214684964,US Open Winner,8000.0,12500.0,fanduel,0.009957010031084023,0.005203919214684964,-0.47530908163990593,0.0
Tom McKibbin,open,0.00010528251361047502,The Open Winner,,17500.0,lowvig,0.0049630309106340285,0.00010528251361047502,-0.4857748397023553,0.0
Sepp Straka,open,0.00734320623921998,The Open Winner,5000.0,5500.0,lowvig,0.01220983494017112,0.00734320623921998,-0.48666287009511405,0.0
Daniel Berger,us_open,0.000942099089349456,US Open Winner,10000.0,15000.0,betonlineag,0.005835090615173217,0.000942099089349456,-0.48929915258237616,0.0
Adam Scott,open,0.00234912785085428,The Open Winner,10000.0,12500.0,fanduel,0.0072622476627686155,0.00234912785085428,-0.4913119811914335,0.0
Rickie Fowler,open,0.0007145810262733816,The Open Winner,15000.0,15000.0,lowvig,0.005635451282366394,0.0007145810262733816,-0.49208702560930123,0.0
David Puig,pga_champ,0.00013844057157139358,PGA Championship Winner,10000.0,15000.0,betmgm,0.005069854956480868,0.00013844057157139358,-0.49314143849094744,0.0
Aaron Rai,pga_champ,0.0006537603964308479,PGA Championship Winner,13000.0,13000.0,draftkings,0.005596696965240001,0.0006537603964308479,-0.49429365688091526,0.0
Sahith Theegala,masters,0.0018976505852490735,Masters Tournament Winner,8000.0,10000.0,espnbet,0.006847451754832114,0.0018976505852490735,-0.4949801169583041,0.0
Tom McKibbin,masters,0.00011498233743910417,Masters Tournament Winner,14000.0,20000.0,espnbet,0.0051672579447477,0.00011498233743910417,-0.5052275607308596,0.0
Ryan Fox,open,0.0017356548930900907,The Open Winner,10000.0,12500.0,lowvig,0.006941788672971123,0.0017356548930900907,-0.5206133779881033,0.0
Hideki Matsuyama,open,0.008477419871369055,The Open Winner,5000.0,5000.0,betrivers,0.013759851743021483,0.008477419871369055,-0.5282431871652428,0.0
Brian Harman,open,0.0020679607686575653,The Open Winner,10000.0,12500.0,lowvig,0.007490411174843435,0.0020679607686575653,-0.5422450406185869,0.0
Carlos Ortiz,us_open,0.00015940147973838095,US Open Winner,,16500.0,betonlineag,0.005609406916301883,0.00015940147973838095,-0.5450005436563502,0.0
David Puig,open,0.00015882401270176651,The Open Winner,,12500.0,lowvig,0.005635370597176642,0.00015882401270176651,-0.5476546584474875,0.0
Akshay Bhatia,pga_champ,0.0014992202137042961,PGA Championship Winner,12000.0,12000.0,draftkings,0.0070311814251145625,0.0014992202137042961,-0.5531961211410266,0.0
Tony Finau,open,0.0010118766191651695,The Open Winner,12500.0,15000.0,lowvig,0.00655860144818326,0.0010118766191651695,-0.554672482901809,0.0
Akshay Bhatia,us_open,0.0010352607287328584,US Open Winner,12000.0,12500.0,espnbet,0.006688233581304858,0.0010352607287328584,-0.5652972852571999,0.0
Cameron Young,open,0.008961241252683102,The Open Winner,5000.0,6600.0,betmgm,0.014695365041138964,0.008961241252683102,-0.5734123788455862,0.0
Jason Day,open,0.0012594008060054875,The Open Winner,10000.0,12500.0,lowvig,0.007096695672993564,0.0012594008060054875,-0.5837294866988076,0.0
Sepp Straka,us_open,0.006578103842797376,US Open Winner,9000.0,9000.0,draftkings,0.012493395543001119,0.006578103842797376,-0.5915291700203743,0.0
Tony Finau,masters,0.0008909898889095534,Masters Tournament Winner,10000.0,15000.0,espnbet,0.006808473785891801,0.0008909898889095534,-0.5917483896982247,0.0
Aaron Rai,open,0.0005665229053268382,The Open Winner,12500.0,12500.0,lowvig,0.006540781373414364,0.0005665229053268382,-0.5974258468087525,0.0
Daniel Berger,pga_champ,0.0013645929608185462,PGA Championship Winner,8000.0,12500.0,lowvig,0.0073414303141439465,0.0013645929608185462,-0.59768373533254,0.0
Max Homa,pga_champ,0.0014123982902786872,PGA Championship Winner,9000.0,10000.0,espnbet,0.007394707491723519,0.0014123982902786872,-0.5982309201444832,0.0
David Puig,us_open,0.00016050396186244453,US Open Winner,10000.0,10000.0,draftkings,0.00622560704541782,0.00016050396186244453,-0.6065103083555375,0.0
Jason Day,us_open,0.0010814640771705487,US Open Winner,10000.0,10000.0,betonlineag,0.007323706209881938,0.0010814640771705487,-0.624224213271139,0.0
Max Homa,masters,0.0023072886861321743,Masters Tournament Winner,6500.0,8000.0,betrivers,0.008564279535388976,0.0023072886861321743,-0.62569908492568,0.0
Tony Finau,us_open,0.0005022912870944057,US Open Winner,9000.0,15000.0,betonlineag,0.0068429998804685034,0.0005022912870944057,-0.6340708593374098,0.0
Wyndham Clark,us_open,0.0006024161037434723,US Open Winner,9000.0,13500.0,betonlineag,0.007147672607802824,0.0006024161037434723,-0.6545256504059351,0.0
Marco Penge,us_open,0.00010840373492810471,US Open Winner,,12500.0,betonlineag,0.00667011910263677,0.00010840373492810471,-0.6561715367708666,0.0
Tony Finau,pga_champ,0.0008810006973498751,PGA Championship Winner,8000.0,15000.0,lowvig,0.0074816084132317655,0.0008810006973498751,-0.6600607715881891,0.0
Jason Day,pga_champ,0.0018743931330477421,PGA Championship Winner,8000.0,8000.0,bovada,0.008509488657239763,0.0018743931330477421,-0.6635095524192021,0.0
Marco Penge,masters,8.673898830905113e-05,Masters Tournament Winner,11000.0,15000.0,espnbet,0.00675027224911447,8.673898830905113e-05,-0.6663533260805419,0.0
Will Zalatoris,masters,0.004111848824615548,Masters Tournament Winner,5500.0,7500.0,espnbet,0.010787633991786755,0.004111848824615548,-0.6675785167171207,0.0
Wyndham Clark,open,0.0004889857715117784,The Open Winner,10000.0,13500.0,lowvig,0.007303693120350791,0.0004889857715117784,-0.6814707348839013,0.0
Wyndham Clark,pga_champ,0.0003019545878754722,PGA Championship Winner,8000.0,12500.0,lowvig,0.007165247873540405,0.0003019545878754722,-0.6863293285664933,0.0
Harry Hall,open,0.0009936159905245226,The Open Winner,9000.0,10000.0,espnbet,0.008188233984272162,0.0009936159905245226,-0.719461799374764,0.0
Wyndham Clark,masters,0.0003053782880265448,Masters Tournament Winner,8000.0,10000.0,espnbet,0.0076717754148692315,0.0003053782880265448,-0.7366397126842686,0.0
Marco Penge,pga_champ,8.660838119341658e-05,PGA Championship Winner,,10000.0,lowvig,0.0075843801496618376,8.660838119341658e-05,-0.7497771768468421,0.0
Robert MacIntyre,masters,0.007773751863012802,Masters Tournament Winner,5000.0,5000.0,draftkings,0.015307824030353266,0.007773751863012802,-0.7534072167340464,0.0
Jason Day,masters,0.0018956458654467994,Masters Tournament Winner,6500.0,6600.0,betrivers,0.009702588074320648,0.0018956458654467994,-0.7806942208873849,0.0
Cameron Young,pga_champ,0.008369766396576496,PGA Championship Winner,4500.0,5000.0,bovada,0.016256021289056913,0.008369766396576496,-0.7886254892480417,0.0
Xander Schauffele,us_open,0.0246673574692071,US Open Winner,1800.0,2000.0,betonlineag,0.03270691197588413,0.0246673574692071,-0.8039554506677028,0.0
Shane Lowry,us_open,0.0056207095856208806,US Open Winner,5500.0,6000.0,betonlineag,0.013754014319271713,0.0056207095856208806,-0.8133304733650832,0.0
Akshay Bhatia,masters,0.0008890782063661032,Masters Tournament Winner,6000.0,8000.0,bovada,0.009243102366241525,0.0008890782063661032,-0.8354024159875422,0.0
Marco Penge,open,7.94217522499311e-05,The Open Winner,7000.0,10000.0,lowvig,0.0088518292783937,7.94217522499311e-05,-0.8772407526143771,0.0
Cameron Young,masters,0.008464666661805184,Masters Tournament Winner,4000.0,4000.0,bovada,0.01734515777045075,0.008464666661805184,-0.8880491108645564,0.0
Corey Conners,masters,0.0004939447427416838,Masters Tournament Winner,6000.0,7500.0,espnbet,0.009427347451011925,0.0004939447427416838,-0.8933402708270242,0.0
Tyrrell Hatton,masters,0.004017542380523496,Masters Tournament Winner,4000.0,5500.0,bovada,0.013634782096997955,0.004017542380523496,-0.9617239716474459,0.0
Hideki Matsuyama,masters,0.011899017144096802,Masters Tournament Winner,3500.0,3500.0,draftkings,0.021565540019951496,0.011899017144096802,-0.9666522875854695,0.0
Corey Conners,us_open,0.00046044503681083815,US Open Winner,6000.0,10000.0,betonlineag,0.01028652186558634,0.00046044503681083815,-0.9826076828775503,0.0
Corey Conners,pga_champ,0.0005294593873596479,PGA Championship Winner,6000.0,8000.0,lowvig,0.01041353333259341,0.0005294593873596479,-0.9884073945233763,0.0
Shane Lowry,open,0.0088670368547473,The Open Winner,4000.0,4000.0,lowvig,0.018842758803384076,0.0088670368547473,-0.9975721948636775,0.0
Justin Rose,us_open,0.005239175892881608,US Open Winner,5000.0,5000.0,betmgm,0.015428157393080389,0.005239175892881608,-1.0188981500198782,0.0
Robert MacIntyre,us_open,0.003478103867187418,US Open Winner,5000.0,5500.0,betonlineag,0.013878377645598561,0.003478103867187418,-1.0400273778411142,0.0
Corey Conners,open,0.0003140473808590447,The Open Winner,7000.0,7000.0,lowvig,0.01079901185972271,0.0003140473808590447,-1.0484964478863665,0.0
Patrick Reed,open,0.002373745049799302,The Open Winner,4000.0,6600.0,betrivers,0.013054246328372132,0.002373745049799302,-1.068050127857283,0.0
Justin Rose,open,0.011149423246932268,The Open Winner,3000.0,3300.0,betmgm,0.021915083499248905,0.011149423246932268,-1.0765660252316636,0.0
Jordan Spieth,us_open,0.0008798140030855996,US Open Winner,5000.0,7500.0,betonlineag,0.011715645792634372,0.0008798140030855996,-1.0835831789548773,0.0
Patrick Reed,pga_champ,0.002111509615276029,PGA Championship Winner,4000.0,6600.0,betmgm,0.013120746908032757,0.002111509615276029,-1.1009237292756728,0.0
Jordan Spieth,pga_champ,0.0013804352443983385,PGA Championship Winner,5000.0,6000.0,lowvig,0.012903804387273073,0.0013804352443983385,-1.1523369142874735,0.0
Jordan Spieth,open,0.0014155546452034125,The Open Winner,5000.0,5500.0,betmgm,0.013304489748490803,0.0014155546452034125,-1.188893510328739,0.0
Patrick Reed,us_open,0.0015337502605339917,US Open Winner,4000.0,6600.0,betmgm,0.01354119923470804,0.0015337502605339917,-1.2007448974174046,0.0
Justin Rose,masters,0.012176635056161957,Masters Tournament Winner,3000.0,3000.0,draftkings,0.02421498072490425,0.012176635056161957,-1.2038345668742292,0.0
Cameron Young,us_open,0.004853123282590193,US Open Winner,5000.0,5000.0,draftkings,0.016929176850321605,0.004853123282590193,-1.2076053567731413,0.0
Tyrrell Hatton,pga_champ,0.0038832031652119973,PGA Championship Winner,3500.0,5000.0,lowvig,0.0159729149697145,0.0038832031652119973,-1.2089711804502503,0.0
Xander Schauffele,masters,0.020761467128964844,Masters Tournament Winner,1800.0,2200.0,espnbet,0.032897486618629575,0.020761467128964844,-1.213601948966473,0.0
Jordan Spieth,masters,0.0015459716556584576,Masters Tournament Winner,4000.0,5000.0,betrivers,0.014558197848473087,0.0015459716556584576,-1.3012226192814629,0.0
Robert MacIntyre,open,0.010869204470405458,The Open Winner,3000.0,3000.0,draftkings,0.024334850989117807,0.010869204470405458,-1.3465646518712349,0.0
Xander Schauffele,pga_champ,0.020528703239281413,PGA Championship Winner,1600.0,2000.0,bovada,0.034762116085742825,0.020528703239281413,-1.4233412846461413,0.0
Tyrrell Hatton,us_open,0.0024626346089597186,US Open Winner,3500.0,4000.0,betonlineag,0.01947119266091475,0.0024626346089597186,-1.700855805195503,0.0
Tyrrell Hatton,open,0.005715053176204173,The Open Winner,3000.0,3000.0,lowvig,0.023461660327140706,0.005715053176204173,-1.774660715093653,0.0
Tommy Fleetwood,us_open,0.013653461319310998,US Open Winner,2000.0,2200.0,betrivers,0.03162338099632186,0.013653461319310998,-1.7969919677010857,0.0
Xander Schauffele,open,0.016381696423204133,The Open Winner,1600.0,2000.0,lowvig,0.03579599323650439,0.016381696423204133,-1.9414296813300258,0.0
Patrick Reed,masters,0.002717307456240675,Masters Tournament Winner,3500.0,3500.0,draftkings,0.0228144745556367,0.002717307456240675,-2.0097167099396027,0.0
Bryson DeChambeau,open,0.002497715308675272,The Open Winner,1800.0,2000.0,lowvig,0.03506322407380377,0.002497715308675272,-3.25655087651285,0.0
Bryson DeChambeau,masters,0.004513577667820293,Masters Tournament Winner,1000.0,1600.0,betrivers,0.04310507796241838,0.004513577667820293,-3.8591500294598085,0.0
Jon Rahm,masters,0.000504560339349989,Masters Tournament Winner,1000.0,1600.0,betrivers,0.0415932038382983,0.000504560339349989,-4.108864349894832,0.0
Jon Rahm,pga_champ,0.0004726513634052046,PGA Championship Winner,1200.0,1600.0,lowvig,0.043401008062230385,0.0004726513634052046,-4.292835669882518,0.0
Jon Rahm,us_open,0.0006475055581590492,US Open Winner,1200.0,1600.0,betonlineag,0.04699610946084344,0.0006475055581590492,-4.6348603902684395,0.0
Jon Rahm,open,0.000461996007195929,The Open Winner,1100.0,1600.0,lowvig,0.04711518493556988,0.000461996007195929,-4.665318892837395,0.0
Bryson DeChambeau,us_open,0.006600491444347239,US Open Winner,1000.0,1400.0,betonlineag,0.059834802714616594,0.006600491444347239,-5.323431127026936,0.0
Bryson DeChambeau,pga_champ,0.004811472328414729,PGA Championship Winner,1000.0,1200.0,lowvig,0.06046135781658945,0.004811472328414729,-5.564988548817472,0.0
Scottie Scheffler,pga_champ,0.042554135252892276,PGA Championship Winner,350.0,400.0,bovada,0.141086411315627,0.042554135252892276,-9.853227606273471,0.0
Scottie Scheffler,open,0.0394060954669463,The Open Winner,350.0,470.0,fanduel,0.13880497927229243,0.0394060954669463,-9.939888380534613,0.0
Scottie Scheffler,us_open,0.046301015864941224,US Open Winner,320.0,400.0,betmgm,0.1563642911068632,0.046301015864941224,-11.006327524192198,0.0
Scottie Scheffler,masters,0.04116047979851641,Masters Tournament Winner,300.0,300.0,bovada,0.16070912511298074,0.04116047979851641,-11.954864531446432,0.0
Paul Casey,masters,0.021418858109124358,,,,,,0.021418858109124358,,
Alex Noren,masters,0.015454779846369072,,,,,,0.015454779846369072,,
Niklas Norgaard,masters,0.012432248794647643,,,,,,0.012432248794647643,,
Pierceson Coody,masters,0.01166228906957161,,,,,,0.01166228906957161,,
Victor Perez,masters,0.01063612916121013,,,,,,0.01063612916121013,,
Alex Smalley,masters,0.010166758138904239,,,,,,0.010166758138904239,,
Max McGreevy,masters,0.008208681964172985,,,,,,0.008208681964172985,,
Scott Stallings,masters,0.007693306189621587,,,,,,0.007693306189621587,,
David Lipsky,masters,0.007606257395958561,,,,,,0.007606257395958561,,
Michael Thorbjornsen,masters,0.007428048681532051,,,,,,0.007428048681532051,,
Jesper Svensson,masters,0.007163892402785012,,,,,,0.007163892402785012,,
Matt Kuchar,masters,0.006841320066072996,,,,,,0.006841320066072996,,
Cameron Tringale,masters,0.00653776473064058,,,,,,0.00653776473064058,,
Kevin Roy,masters,0.006401528503044832,,,,,,0.006401528503044832,,
Matt Wallace,masters,0.006286532640160788,,,,,,0.006286532640160788,,
Steven Fisk,masters,0.0058614717267366214,,,,,,0.0058614717267366214,,
Chandler Phillips,masters,0.005379787810893443,,,,,,0.005379787810893443,,
Beau Hossler,masters,0.00524767402046592,,,,,,0.00524767402046592,,
Patrick Rodgers,masters,0.00489798382433336,,,,,,0.00489798382433336,,
Ryo Hisatsune,masters,0.0037285739266437563,,,,,,0.0037285739266437563,,
David Lingmerth,masters,0.003575448199750229,,,,,,0.003575448199750229,,
Gaganjeet Bhullar,masters,0.0035669420360672542,,,,,,0.0035669420360672542,,
Takumi Kanaya,masters,0.0035447704320065248,,,,,,0.0035447704320065248,,
Matti Schmid,masters,0.003164799279109991,,,,,,0.003164799279109991,,
Chris Gotterup,masters,0.0031255210683116463,,,,,,0.0031255210683116463,,
William Mouw,masters,0.0030889952542685318,,,,,,0.0030889952542685318,,
Harold Varner III,masters,0.002794193962363633,,,,,,0.002794193962363633,,
Jordan Smith,masters,0.0026217365474493445,,,,,,0.0026217365474493445,,
Ian Poulter,masters,0.002502101000351105,,,,,,0.002502101000351105,,
Tom Kim,masters,0.0022514567551381254,,,,,,0.0022514567551381254,,
Patrick Fishburn,masters,0.0022071634259306122,,,,,,0.0022071634259306122,,
Emiliano Grillo,masters,0.0021699672155341496,,,,,,0.0021699672155341496,,
Keith Mitchell,masters,0.002084109033292598,,,,,,0.002084109033292598,,
Mackenzie Hughes,masters,0.0018861795127672562,,,,,,0.0018861795127672562,,
Bud Cauley,masters,0.0018223789918260928,,,,,,0.0018223789918260928,,
Romain Langasque,masters,0.0017073142306382437,,,,,,0.0017073142306382437,,
Justin Harding,masters,0.001700851203292246,,,,,,0.001700851203292246,,
Matt Fitzpatrick,masters,0.0015472420366556554,,,,,,0.0015472420366556554,,
Gary Woodland,masters,0.001543085614945145,,,,,,0.001543085614945145,,
Kensei Hirata,masters,0.0014318059199827145,,,,,,0.0014318059199827145,,
Jake Knapp,masters,0.0013409498370706467,,,,,,0.0013409498370706467,,
Eric Cole,masters,0.0013101770621164112,,,,,,0.0013101770621164112,,
Lucas Bjerregaard,masters,0.0012337785446851408,,,,,,0.0012337785446851408,,
Charley Hoffman,masters,0.0012046606080426284,,,,,,0.0012046606080426284,,
Matt Jones,masters,0.0011852258773753922,,,,,,0.0011852258773753922,,
Mark Hubbard,masters,0.0010450416920967508,,,,,,0.0010450416920967508,,
Karl Vilips,masters,0.0010254081533122154,,,,,,0.0010254081533122154,,
Grayson Murray,masters,0.0010108204317960362,,,,,,0.0010108204317960362,,
Mike Lorenzo-Vera,masters,0.0010084150171417042,,,,,,0.0010084150171417042,,
Chris Paisley,masters,0.0009664279931207411,,,,,,0.0009664279931207411,,
Jorge Campillo,masters,0.0008970528152539069,,,,,,0.0008970528152539069,,
Adrian Meronk,masters,0.0008847425950427901,,,,,,0.0008847425950427901,,
Thomas Pieters,masters,0.000853281092652906,,,,,,0.000853281092652906,,
Rickie Fowler,masters,0.0008352562865050757,,,,,,0.0008352562865050757,,
Garrick Higgo,masters,0.0007980713679127968,,,,,,0.0007980713679127968,,
John Parry,masters,0.0007491870782008042,,,,,,0.0007491870782008042,,
Bio Kim,masters,0.0007377866005529823,,,,,,0.0007377866005529823,,
Paul Dunne,masters,0.0007007457796854085,,,,,,0.0007007457796854085,,
Erik van Rooyen,masters,0.0006227510943981747,,,,,,0.0006227510943981747,,
Tomoharu Otsuki,masters,0.0005914526948552768,,,,,,0.0005914526948552768,,
Anirban Lahiri,masters,0.0005322976312174192,,,,,,0.0005322976312174192,,
Eugenio Chacarra,masters,0.0005190405998196422,,,,,,0.0005190405998196422,,
Matthew Wolff,masters,0.0004805965574436631,,,,,,0.0004805965574436631,,
Yusaku Miyazato,masters,0.00046022639206932356,,,,,,0.00046022639206932356,,
Nick Dunlap,masters,0.0004434180433496203,,,,,,0.0004434180433496203,,
Shaun Norris,masters,0.00043756039609954626,,,,,,0.00043756039609954626,,
George Coetzee,masters,0.00043128590442087256,,,,,,0.00043128590442087256,,
Kevin Na,masters,0.00040839290894712356,,,,,,0.00040839290894712356,,
Hudson Swafford,masters,0.00039116034734205517,,,,,,0.00039116034734205517,,
Keita Nakajima,masters,0.0003580278135546523,,,,,,0.0003580278135546523,,
Brian Campbell,masters,0.00032518733326283844,,,,,,0.00032518733326283844,,
Martin Couvra,masters,0.0003052817424936814,,,,,,0.0003052817424936814,,
Adrien Saddier,masters,0.00025166486296060464,,,,,,0.00025166486296060464,,
Benjamin Hebert,masters,0.00024596589284805423,,,,,,0.00024596589284805423,,
Neal Shipley,masters,0.0002457476131757637,,,,,,0.0002457476131757637,,
Yuta Ikeda,masters,0.00023090509869779904,,,,,,0.00023090509869779904,,
Brendan Jones,masters,0.00019301547200353684,,,,,,0.00019301547200353684,,
Kazuki Higa,masters,0.00018094542216352713,,,,,,0.00018094542216352713,,
David Puig,masters,0.0001734566890136457,,,,,,0.0001734566890136457,,
Brendan Steele,masters,0.00016804268086292748,,,,,,0.00016804268086292748,,
Brad Kennedy,masters,0.00010095447332374811,,,,,,0.00010095447332374811,,
Alex Noren,pga_champ,0.027065883780604927,,,,,,0.027065883780604927,,
Paul Casey,pga_champ,0.01759192776438769,,,,,,0.01759192776438769,,
Niklas Norgaard,pga_champ,0.012449137047798481,,,,,,0.012449137047798481,,
Pierceson Coody,pga_champ,0.01153153916882597,,,,,,0.01153153916882597,,
Alex Smalley,pga_champ,0.009768287762739617,,,,,,0.009768287762739617,,
Thriston Lawrence,pga_champ,0.007542333133630486,,,,,,0.007542333133630486,,
Jesper Svensson,pga_champ,0.0073527951017714486,,,,,,0.0073527951017714486,,
Kevin Roy,pga_champ,0.006329758783446873,,,,,,0.006329758783446873,,
Steven Fisk,pga_champ,0.005795756767870287,,,,,,0.005795756767870287,,
Matt Kuchar,pga_champ,0.005621265873163014,,,,,,0.005621265873163014,,
Chandler Phillips,pga_champ,0.0053194731747091785,,,,,,0.0053194731747091785,,
Scott Stallings,pga_champ,0.004907197187324673,,,,,,0.004907197187324673,,
Max McGreevy,pga_champ,0.004227023914548725,,,,,,0.004227023914548725,,
Emiliano Grillo,pga_champ,0.004012931624481128,,,,,,0.004012931624481128,,
Gaganjeet Bhullar,pga_champ,0.003526951832223132,,,,,,0.003526951832223132,,
David Lipsky,pga_champ,0.0034533511016141185,,,,,,0.0034533511016141185,,
Cameron Tringale,pga_champ,0.0033749471757071473,,,,,,0.0033749471757071473,,
Takumi Kanaya,pga_champ,0.003242979562703754,,,,,,0.003242979562703754,,
Matti Schmid,pga_champ,0.003129317634884317,,,,,,0.003129317634884317,,
Chris Gotterup,pga_champ,0.003117246095847657,,,,,,0.003117246095847657,,
Harold Varner III,pga_champ,0.002762867300756836,,,,,,0.002762867300756836,,
Ian Poulter,pga_champ,0.002669077125702748,,,,,,0.002669077125702748,,
Tom Kim,pga_champ,0.0022262149054882584,,,,,,0.0022262149054882584,,
Matt Fitzpatrick,pga_champ,0.0021647267050854463,,,,,,0.0021647267050854463,,
Jordan Smith,pga_champ,0.0021196106700195456,,,,,,0.0021196106700195456,,
Grayson Murray,pga_champ,0.002010010473775843,,,,,,0.002010010473775843,,
Patrick Fishburn,pga_champ,0.0017992155994382482,,,,,,0.0017992155994382482,,
David Lingmerth,pga_champ,0.0017739458550863401,,,,,,0.0017739458550863401,,
Romain Langasque,pga_champ,0.0016881729484366208,,,,,,0.0016881729484366208,,
Thomas Pieters,pga_champ,0.0015294562964887082,,,,,,0.0015294562964887082,,
Justin Harding,pga_champ,0.001494026883438461,,,,,,0.001494026883438461,,
Kensei Hirata,pga_champ,0.00141575345542726,,,,,,0.00141575345542726,,
Kristoffer Reitan,pga_champ,0.0013251714038036533,,,,,,0.0013251714038036533,,
Matt Jones,pga_champ,0.001284225484071935,,,,,,0.001284225484071935,,
Charley Hoffman,pga_champ,0.001276741505892126,,,,,,0.001276741505892126,,
Adrian Meronk,pga_champ,0.001198673582821641,,,,,,0.001198673582821641,,
Lucas Bjerregaard,pga_champ,0.000959178571837119,,,,,,0.000959178571837119,,
Haotong Li,pga_champ,0.000957376367631099,,,,,,0.000957376367631099,,
Chris Paisley,pga_champ,0.000955593039242944,,,,,,0.000955593039242944,,
Mark Hubbard,pga_champ,0.0008654026574879778,,,,,,0.0008654026574879778,,
Mike Lorenzo-Vera,pga_champ,0.0007814394255082893,,,,,,0.0007814394255082893,,
Bio Kim,pga_champ,0.0007295150233164467,,,,,,0.0007295150233164467,,
Matthew Wolff,pga_champ,0.0006213129243364186,,,,,,0.0006213129243364186,,
Tomoharu Otsuki,pga_champ,0.0005848217169497609,,,,,,0.0005848217169497609,,
Eugenio Chacarra,pga_champ,0.0005577946322382334,,,,,,0.0005577946322382334,,
Jorge Campillo,pga_champ,0.000553637810029784,,,,,,0.000553637810029784,,
Paul Dunne,pga_champ,0.0004894699767471736,,,,,,0.0004894699767471736,,
Kevin Na,pga_champ,0.000474938957884488,,,,,,0.000474938957884488,,
Yusaku Miyazato,pga_champ,0.00045506663700540633,,,,,,0.00045506663700540633,,
Nick Dunlap,pga_champ,0.0004384467324164984,,,,,,0.0004384467324164984,,
Hudson Swafford,pga_champ,0.000386774915263884,,,,,,0.000386774915263884,,
Anirban Lahiri,pga_champ,0.0003766776139530727,,,,,,0.0003766776139530727,,
Keita Nakajima,pga_champ,0.00034107038131364837,,,,,,0.00034107038131364837,,
Shaun Norris,pga_champ,0.0003208826536207627,,,,,,0.0003208826536207627,,
Neal Shipley,pga_champ,0.0003186324940042852,,,,,,0.0003186324940042852,,
George Coetzee,pga_champ,0.0003141989975725847,,,,,,0.0003141989975725847,,
Martin Couvra,pga_champ,0.0003018591247475093,,,,,,0.0003018591247475093,,
John Parry,pga_champ,0.0002777441624321361,,,,,,0.0002777441624321361,,
Yuta Ikeda,pga_champ,0.00026616826759245736,,,,,,0.00026616826759245736,,
Adrien Saddier,pga_champ,0.00024884336233950286,,,,,,0.00024884336233950286,,
Brendan Steele,pga_champ,0.0002336594406533324,,,,,,0.0002336594406533324,,
Kazuki Higa,pga_champ,0.00019952454045140487,,,,,,0.00019952454045140487,,
Brian Campbell,pga_champ,0.00019850063849732465,,,,,,0.00019850063849732465,,
Carlos Ortiz,pga_champ,0.00019786274723508995,,,,,,0.00019786274723508995,,
Benjamin Hebert,pga_champ,0.00017086982452785176,,,,,,0.00017086982452785176,,
Brendan Jones,pga_champ,0.00011220257830701893,,,,,,0.00011220257830701893,,
Brad Kennedy,pga_champ,9.982263828791895e-05,,,,,,9.982263828791895e-05,,
Alex Noren,open,0.027728036080611355,,,,,,0.027728036080611355,,
Paul Casey,open,0.020890392672362094,,,,,,0.020890392672362094,,
Niklas Norgaard,open,0.01138347360197394,,,,,,0.01138347360197394,,
Pierceson Coody,open,0.010678467102364668,,,,,,0.010678467102364668,,
Alex Smalley,open,0.009309098040387973,,,,,,0.009309098040387973,,
Matt Kuchar,open,0.00793128061434166,,,,,,0.00793128061434166,,
Max McGreevy,open,0.007516203704545566,,,,,,0.007516203704545566,,
Scott Stallings,open,0.0070443046441576755,,,,,,0.0070443046441576755,,
Cameron Tringale,open,0.005986243796794336,,,,,,0.005986243796794336,,
Kevin Roy,open,0.005861500355275021,,,,,,0.005861500355275021,,
Steven Fisk,open,0.005367002363944731,,,,,,0.005367002363944731,,
Takumi Kanaya,open,0.0051614908352101444,,,,,,0.0051614908352101444,,
Ryo Hisatsune,open,0.005103970095866337,,,,,,0.005103970095866337,,
David Lipsky,open,0.004999735908886156,,,,,,0.004999735908886156,,
Chandler Phillips,open,0.004925952942310174,,,,,,0.004925952942310174,,
Patrick Rodgers,open,0.004484793579034421,,,,,,0.004484793579034421,,
David Lingmerth,open,0.003273826068748292,,,,,,0.003273826068748292,,
Gaganjeet Bhullar,open,0.0032660374786598356,,,,,,0.0032660374786598356,,
Chris Gotterup,open,0.002861854452981723,,,,,,0.002861854452981723,,
William Mouw,open,0.0028284099292420263,,,,,,0.0028284099292420263,,
Harold Varner III,open,0.002558477853423853,,,,,,0.002558477853423853,,
Tom Kim,open,0.0020245510601715616,,,,,,0.0020245510601715616,,
Patrick Fishburn,open,0.0020209687731748446,,,,,,0.0020209687731748446,,
Emiliano Grillo,open,0.001986910407215832,,,,,,0.001986910407215832,,
Ian Poulter,open,0.0017826906116116224,,,,,,0.0017826906116116224,,
Justin Harding,open,0.0016930296096654314,,,,,,0.0016930296096654314,,
Grayson Murray,open,0.001426997266089867,,,,,,0.001426997266089867,,
Matt Fitzpatrick,open,0.0014167178578115996,,,,,,0.0014167178578115996,,
Kensei Hirata,open,0.0013110198454434317,,,,,,0.0013110198454434317,,
Matti Schmid,open,0.0013081297805734714,,,,,,0.0013081297805734714,,
Garrick Higgo,open,0.0012364616690613338,,,,,,0.0012364616690613338,,
Charley Hoffman,open,0.0011822916238059,,,,,,0.0011822916238059,,
Lucas Bjerregaard,open,0.0011564489956644732,,,,,,0.0011564489956644732,,
Matt Jones,open,0.001128569878824368,,,,,,0.001128569878824368,,
Adrian Meronk,open,0.0011060474838445573,,,,,,0.0011060474838445573,,
Romain Langasque,open,0.0009620465059444641,,,,,,0.0009620465059444641,,
Mark Hubbard,open,0.0009568827580145532,,,,,,0.0009568827580145532,,
Karl Vilips,open,0.0009389054898502199,,,,,,0.0009389054898502199,,
Chris Paisley,open,0.0008849008517779112,,,,,,0.0008849008517779112,,
Thomas Pieters,open,0.0007812989390511253,,,,,,0.0007812989390511253,,
Nick Dunlap,open,0.0007508606069303524,,,,,,0.0007508606069303524,,
Adam Schenk,open,0.0006951218368835135,,,,,,0.0006951218368835135,,
Bio Kim,open,0.0006755474757632534,,,,,,0.0006755474757632534,,
Paul Dunne,open,0.0006416313907889081,,,,,,0.0006416313907889081,,
Mike Lorenzo-Vera,open,0.0005663236079660565,,,,,,0.0005663236079660565,,
Yusaku Miyazato,open,0.0005658579252291856,,,,,,0.0005658579252291856,,
Tomoharu Otsuki,open,0.0005415581887003424,,,,,,0.0005415581887003424,,
Jorge Campillo,open,0.000512681182839027,,,,,,0.000512681182839027,,
Matthew Wolff,open,0.0004988357821946494,,,,,,0.0004988357821946494,,
Hudson Swafford,open,0.0004914485126973246,,,,,,0.0004914485126973246,,
Anirban Lahiri,open,0.0004873934019053298,,,,,,0.0004873934019053298,,
Eugenio Chacarra,open,0.00047525472374260636,,,,,,0.00047525472374260636,,
Kevin Na,open,0.0004398042588374789,,,,,,0.0004398042588374789,,
George Coetzee,open,0.00039490294869196313,,,,,,0.00039490294869196313,,
Brian Campbell,open,0.0003189616497579504,,,,,,0.0003189616497579504,,
Shaun Norris,open,0.00029714462312819325,,,,,,0.00029714462312819325,,
Neal Shipley,open,0.00029506092423181503,,,,,,0.00029506092423181503,,
Kazuki Higa,open,0.0002460825056390846,,,,,,0.0002460825056390846,,
Brendan Steele,open,0.00021637394745350105,,,,,,0.00021637394745350105,,
Yuta Ikeda,open,0.00021142611759179166,,,,,,0.00021142611759179166,,
Benjamin Hebert,open,0.0001925819300160384,,,,,,0.0001925819300160384,,
Brendan Jones,open,0.0001767328314142763,,,,,,0.0001767328314142763,,
Brad Kennedy,open,9.24380296006327e-05,,,,,,9.24380296006327e-05,,
Paul Casey,us_open,0.029843137822685373,,,,,,0.029843137822685373,,
Alex Noren,us_open,0.019314911212345624,,,,,,0.019314911212345624,,
Pierceson Coody,us_open,0.01457517222184216,,,,,,0.01457517222184216,,
Alex Smalley,us_open,0.012706103401172847,,,,,,0.012706103401172847,,
Niklas Norgaard,us_open,0.010824223269043644,,,,,,0.010824223269043644,,
Max McGreevy,us_open,0.010258959680078112,,,,,,0.010258959680078112,,
Thriston Lawrence,us_open,0.010234691951987384,,,,,,0.010234691951987384,,
David Lipsky,us_open,0.009506067878133037,,,,,,0.009506067878133037,,
Jesper Svensson,us_open,0.00895321363811587,,,,,,0.00895321363811587,,
Kevin Roy,us_open,0.008000434550910781,,,,,,0.008000434550910781,,
Steven Fisk,us_open,0.007325488107951947,,,,,,0.007325488107951947,,
Matt Kuchar,us_open,0.007104942107607332,,,,,,0.007104942107607332,,
Chandler Phillips,us_open,0.006723494280837563,,,,,,0.006723494280837563,,
Scott Stallings,us_open,0.006651595792453374,,,,,,0.006651595792453374,,
Cameron Tringale,us_open,0.006049333745425141,,,,,,0.006049333745425141,,
Gaganjeet Bhullar,us_open,0.004457855072093344,,,,,,0.004457855072093344,,
Takumi Kanaya,us_open,0.004098931196114894,,,,,,0.004098931196114894,,
Tom Kim,us_open,0.003010438781953318,,,,,,0.003010438781953318,,
Patrick Fishburn,us_open,0.0027584453500320866,,,,,,0.0027584453500320866,,
Emiliano Grillo,us_open,0.0027119586638168704,,,,,,0.0027119586638168704,,
Ian Poulter,us_open,0.00243321653130783,,,,,,0.00243321653130783,,
Chris Gotterup,us_open,0.0023547729651881774,,,,,,0.0023547729651881774,,
David Lingmerth,us_open,0.0022421609094476873,,,,,,0.0022421609094476873,,
Matt Fitzpatrick,us_open,0.0022007513524078216,,,,,,0.0022007513524078216,,
Harold Varner III,us_open,0.0019892544780982257,,,,,,0.0019892544780982257,,
Justin Harding,us_open,0.001957630967718866,,,,,,0.001957630967718866,,
William Mouw,us_open,0.0019339279450474832,,,,,,0.0019339279450474832,,
Kensei Hirata,us_open,0.0017894272511603754,,,,,,0.0017894272511603754,,
Jordan Smith,us_open,0.0017692491615177778,,,,,,0.0017692491615177778,,
Matti Schmid,us_open,0.0016420928259728335,,,,,,0.0016420928259728335,,
Aldrich Potgieter,us_open,0.0013482269773573753,,,,,,0.0013482269773573753,,
Grayson Murray,us_open,0.0012632924626456087,,,,,,0.0012632924626456087,,
Chris Paisley,us_open,0.0012078121504032918,,,,,,0.0012078121504032918,,
Romain Langasque,us_open,0.0012077121753093863,,,,,,0.0012077121753093863,,
Charley Hoffman,us_open,0.0012019613370092123,,,,,,0.0012019613370092123,,
Jorge Campillo,us_open,0.0011211091747440557,,,,,,0.0011211091747440557,,
Matt Jones,us_open,0.001116288748191581,,,,,,0.001116288748191581,,
Adrian Meronk,us_open,0.0011057242379966066,,,,,,0.0011057242379966066,,
Thomas Pieters,us_open,0.00106640461446859,,,,,,0.00106640461446859,,
Haotong Li,us_open,0.0010566437442625042,,,,,,0.0010566437442625042,,
John Parry,us_open,0.0009363110986200721,,,,,,0.0009363110986200721,,
Bio Kim,us_open,0.000922063130306389,,,,,,0.000922063130306389,,
Paul Dunne,us_open,0.00087577064517224,,,,,,0.00087577064517224,,
Matthew Wolff,us_open,0.0007938916917625586,,,,,,0.0007938916917625586,,
Mike Lorenzo-Vera,us_open,0.0007729821181518133,,,,,,0.0007729821181518133,,
Yusaku Miyazato,us_open,0.0007723465020071393,,,,,,0.0007723465020071393,,
Lucas Bjerregaard,us_open,0.0007418545479275976,,,,,,0.0007418545479275976,,
Tomoharu Otsuki,us_open,0.0007391794901637587,,,,,,0.0007391794901637587,,
Hudson Swafford,us_open,0.0006707841717417951,,,,,,0.0006707841717417951,,
Mark Hubbard,us_open,0.0006627562288637782,,,,,,0.0006627562288637782,,
Nick Dunlap,us_open,0.0005541703099227319,,,,,,0.0005541703099227319,,
Adam Schenk,us_open,0.0005424380003159894,,,,,,0.0005424380003159894,,
George Coetzee,us_open,0.0005390079337158876,,,,,,0.0005390079337158876,,
Eugenio Chacarra,us_open,0.0005148604518099846,,,,,,0.0005148604518099846,,
Anirban Lahiri,us_open,0.0004941517693592902,,,,,,0.0004941517693592902,,
Keita Nakajima,us_open,0.00044745221213765855,,,,,,0.00044745221213765855,,
Shaun Norris,us_open,0.00040557638239375636,,,,,,0.00040557638239375636,,
Kevin Na,us_open,0.00039127025149971617,,,,,,0.00039127025149971617,,
Martin Couvra,us_open,0.00038153178561135776,,,,,,0.00038153178561135776,,
Yuta Ikeda,us_open,0.00036964391016743763,,,,,,0.00036964391016743763,,
Kazuki Higa,us_open,0.00033588106477172694,,,,,,0.00033588106477172694,,
Adrien Saddier,us_open,0.0003145230492877722,,,,,,0.0003145230492877722,,
Benjamin Hebert,us_open,0.0003074006507275893,,,,,,0.0003074006507275893,,
Neal Shipley,us_open,0.0003071278514686117,,,,,,0.0003071278514686117,,
Brian Campbell,us_open,0.00026048269863402127,,,,,,0.00026048269863402127,,
Brendan Jones,us_open,0.00024122483409125798,,,,,,0.00024122483409125798,,
Brendan Steele,us_open,0.00020229563466870609,,,,,,0.00020229563466870609,,
Brad Kennedy,us_open,9.770702540261497e-05,,,,,,9.770702540261497e-05,,
